DATE,AUS,AUT,BEL,CAN,CHE,DEU,DNK,ESP,FIN,FRA,GBR,GRC,HKG,IRL,ISR,ITA,JPN,NLD,NOR,NZL,PRT,SGP,SWE,USA
7/31/26,,,,,,,,,,,,,,,,,,,,,,,,
8/31/26,,,,,,,,,,,,,,,,,,,,,,,,
9/30/26,,,,,,,,,,,,,,,,,,,,,,,,
10/31/26,,,,,,,,,,,,,,,,,,,,,,,,
11/30/26,,,,,,,,,,,,,,,,,,,,,,,,
12/31/26,,,,,,,,,,,,,,,,,,,,,,,,
1/31/27,,,,,,,,,,,,,,,,,,,,,,,,
2/28/27,,,,,,,,,,,,,,,,,,,,,,,,
3/31/27,,,,,,,,,,,,,,,,,,,,,,,,
4/30/27,,,,,,,,,,,,,,,,,,,,,,,,
5/31/27,,,,,,,,,,,,,,,,,,,,,,,,
6/30/27,,,,,,,,,,,,,,,,,,,,,,,,
7/31/27,,,,,,,,,,,,,,,,,,,,,,,,
8/31/27,,,,,,,,,,,,,,,,,,,,,,,,
9/30/27,,,,,,,,,,,,,,,,,,,,,,,,
10/31/27,,,,,,,,,,,,,,,,,,,,,,,,
11/30/27,,,,,,,,,,,,,,,,,,,,,,,,
12/31/27,,,,,,,,,,,,,,,,,,,,,,,,
1/31/28,,,,,,,,,,,,,,,,,,,,,,,,
2/29/28,,,,,,,,,,,,,,,,,,,,,,,,
3/31/28,,,,,,,,,,,,,,,,,,,,,,,,
4/30/28,,,,,,,,,,,,,,,,,,,,,,,,
5/31/28,,,,,,,,,,,,,,,,,,,,,,,,
6/30/28,,,,,,,,,,,,,,,,,,,,,,,,
7/31/28,,,,,,,,,,,,,,,,,,,,,,,,
8/31/28,,,,,,,,,,,,,,,,,,,,,,,,
9/30/28,,,,,,,,,,,,,,,,,,,,,,,,
10/31/28,,,,,,,,,,,,,,,,,,,,,,,,
11/30/28,,,,,,,,,,,,,,,,,,,,,,,,
12/31/28,,,,,,,,,,,,,,,,,,,,,,,,
1/31/29,,,,,,,,,,,,,,,,,,,,,,,,
2/28/29,,,,,,,,,,,,,,,,,,,,,,,,
3/31/29,,,,,,,,,,,,,,,,,,,,,,,,
4/30/29,,,,,,,,,,,,,,,,,,,,,,,,
5/31/29,,,,,,,,,,,,,,,,,,,,,,,,
6/30/29,,,,,,,,,,,,,,,,,,,,,,,,
7/31/29,,,,,,,,,,,,,,,,,,,,,,,,
8/31/29,,,,,,,,,,,,,,,,,,,,,,,,
9/30/29,,,,,,,,,,,,,,,,,,,,,,,,
10/31/29,,,,,,,,,,,,,,,,,,,,,,,,
11/30/29,,,,,,,,,,,,,,,,,,,,,,,,
12/31/29,,,,,,,,,,,,,,,,,,,,,,,,
1/31/30,,,,,,,,,,,,,,,,,,,,,,,,
2/28/30,,,,,,,,,,,,,,,,,,,,,,,,
3/31/30,,,,,,,,,,,,,,,,,,,,,,,,
4/30/30,,,,,,,,,,,,,,,,,,,,,,,,
5/31/30,,,,,,,,,,,,,,,,,,,,,,,,
6/30/30,,,,,,,,,,,,,,,,,,,,,,,,
7/31/30,,,,,,,,,,,,,,,,,,,,,,,,
8/31/30,,,,,,,,,,,,,,,,,,,,,,,,
9/30/30,,,,,,,,,,,,,,,,,,,,,,,,
10/31/30,,,,,,,,,,,,,,,,,,,,,,,,
11/30/30,,,,,,,,,,,,,,,,,,,,,,,,
12/31/30,,,,,,,,,,,,,,,,,,,,,,,,-0.06%
1/31/31,,,,,,,,,,,,,,,,,,,,,,,,-2.24%
2/28/31,,,,,,,,,,,,,,,,,,,,,,,,-7.74%
3/31/31,,,,,,,,,,,,,,,,,,,,,,,,2.92%
4/30/31,,,,,,,,,,,,,,,,,,,,,,,,-1.30%
5/31/31,,,,,,,,,,,,,,,,,,,,,,,,-0.72%
6/30/31,,,,,,,,,,,,,,,,,,,,,,,,-7.87%
7/31/31,,,,,,,,,,,,,,,,,,,,,,,,1.16%
8/31/31,,,,,,,,,,,,,,,,,,,,,,,,0.75%
9/30/31,,,,,,,,,,,,,,,,,,,,,,,,-3.65%
10/31/31,,,,,,,,,,,,,,,,,,,,,,,,-7.39%
11/30/31,,,,,,,,,,,,,,,,,,,,,,,,0.85%
12/31/31,,,,,,,,,,,,,,,,,,,,,,,,-1.71%
1/31/32,,,,,,,,,,,,,,,,,,,,,,,,-6.03%
2/29/32,,,,,,,,,,,,,,,,,,,,,,,,0.64%
3/31/32,,,,,,,,,,,,,,,,,,,,,,,,4.21%
4/30/32,,,,,,,,,,,,,,,,,,,,,,,,-2.49%
5/31/32,,,,,,,,,,,,,,,,,,,,,,,,0.39%
6/30/32,,,,,,,,,,,,,,,,,,,,,,,,-4.75%
7/31/32,,,,,,,,,,,,,,,,,,,,,,,,-19.07%
8/31/32,,,,,,,,,,,,,,,,,,,,,,,,-11.54%
9/30/32,,,,,,,,,,,,,,,,,,,,,,,,5.89%
10/31/32,,,,,,,,,,,,,,,,,,,,,,,,6.04%
11/30/32,,,,,,,,,,,,,,,,,,,,,,,,3.66%
12/31/32,,,,,,,,,,,,,,,,,,,,,,,,-0.91%
1/31/33,,,,,,,,,,,,,,,,,,,,,,,,0.65%
2/28/33,,,,,,,,,,,,,,,,,,,,,,,,3.84%
3/31/33,,,,,,,,,,,,,,,,,,,,,,,,0.50%
4/30/33,,,,,,,,,,,,,,,,,,,,,,,,-7.65%
5/31/33,,,,,,,,,,,,,,,,,,,,,,,,18.65%
6/30/33,,,,,,,,,,,,,,,,,,,,,,,,11.96%
7/31/33,,,,,,,,,,,,,,,,,,,,,,,,-2.20%
8/31/33,,,,,,,,,,,,,,,,,,,,,,,,1.05%
9/30/33,,,,,,,,,,,,,,,,,,,,,,,,3.57%
10/31/33,,,,,,,,,,,,,,,,,,,,,,,,-0.99%
11/30/33,,,,,,,,,,,,,,,,,,,,,,,,-0.60%
12/31/33,,,,,,,,,,,,,,,,,,,,,,,,0.82%
1/31/34,,,,,,,,,,,,,,,,,,,,,,,,2.23%
2/28/34,,,,,,,,,,,,,,,,,,,,,,,,2.97%
3/31/34,,,,,,,,,,,,,,,,,,,,,,,,1.68%
4/30/34,,,,,,,,,,,,,,,,,,,,,,,,9.56%
5/31/34,,,,,,,,,,,,,,,,,,,,,,,,0.38%
6/30/34,,,,,,,,,,,,,,,,,,,,,,,,3.49%
7/31/34,,,,,,,,,,,,,,,,,,,,,,,,3.07%
8/31/34,,,,,,,,,,,,,,,,,,,,,,,,-2.95%
9/30/34,,,,,,,,,,,,,,,,,,,,,,,,2.40%
10/31/34,,,,,,,,,,,,,,,,,,,,,,,,5.04%
11/30/34,,,,,,,,,,,,,,,,,,,,,,,,6.34%
12/31/34,,,,,,,,,,,,,,,,,,,,,,,,-0.08%
1/31/35,,,,,,,,,,,,,,,,,,,,,,,,2.84%
2/28/35,,,,,,,,,,,,,,,,,,,,,,,,7.46%
3/31/35,,,,,,,,,,,,,,,,,,,,,,,,1.06%
4/30/35,,,,,,,,,,,,,,,,,,,,,,,,2.47%
5/31/35,,,,,,,,,,,,,,,,,,,,,,,,2.55%
6/30/35,,,,,,,,,,,,,,,,,,,,,,,,3.57%
7/31/35,,,,,,,,,,,,,,,,,,,,,,,,-0.97%
8/31/35,,,,,,,,,,,,,,,,,,,,,,,,-2.32%
9/30/35,,,,,,,,,,,,,,,,,,,,,,,,2.17%
10/31/35,,,,,,,,,,,,,,,,,,,,,,,,1.58%
11/30/35,,,,,,,,,,,,,,,,,,,,,,,,-2.53%
12/31/35,,,,,,,,,,,,,,,,,,,,,,,,2.26%
1/31/36,,,,,,,,,,,,,,,,,,,,,,,,-2.93%
2/29/36,,,,,,,,,,,,,,,,,,,,,,,,0.83%
3/31/36,,,,,,,,,,,,,,,,,,,,,,,,1.42%
4/30/36,,,,,,,,,,,,,,,,,,,,,,,,-0.58%
5/31/36,,,,,,,,,,,,,,,,,,,,,,,,1.96%
6/30/36,,,,,,,,,,,,,,,,,,,,,,,,1.48%
7/31/36,,,,,,,,,,,,,,,,,,,,,,,,2.36%
8/31/36,,,,,,,,,,,,,,,,,,,,,,,,0.75%
9/30/36,,,,,,,,,,,,,,,,,,,,,,,,3.38%
10/31/36,,,,,,,,,,,,,,,,,,,,,,,,4.00%
11/30/36,,,,,,,,,,,,,,,,,,,,,,,,2.85%
12/31/36,,,,,,,,,,,,,,,,,,,,,,,,-5.12%
1/31/37,,,,,,,,,,,,,,,,,,,,,,,,-1.55%
2/28/37,,,,,,,,,,,,,,,,,,,,,,,,-0.97%
3/31/37,,,,,,,,,,,,,,,,,,,,,,,,-5.04%
4/30/37,,,,,,,,,,,,,,,,,,,,,,,,0.62%
5/31/37,,,,,,,,,,,,,,,,,,,,,,,,1.05%
6/30/37,,,,,,,,,,,,,,,,,,,,,,,,-0.98%
7/31/37,,,,,,,,,,,,,,,,,,,,,,,,-0.23%
8/31/37,,,,,,,,,,,,,,,,,,,,,,,,1.19%
9/30/37,,,,,,,,,,,,,,,,,,,,,,,,-2.80%
10/31/37,,,,,,,,,,,,,,,,,,,,,,,,-3.41%
11/30/37,,,,,,,,,,,,,,,,,,,,,,,,-3.39%
12/31/37,,,,,,,,,,,,,,,,,,,,,,,,3.38%
1/31/38,,,,,,,,,,,,,,,,,,,,,,,,2.69%
2/28/38,,,,,,,,,,,,,,,,,,,,,,,,0.19%
3/31/38,,,,,,,,,,,,,,,,,,,,,,,,0.15%
4/30/38,,,,,,,,,,,,,,,,,,,,,,,,-2.28%
5/31/38,,,,,,,,,,,,,,,,,,,,,,,,2.70%
6/30/38,,,,,,,,,,,,,,,,,,,,,,,,-2.28%
7/31/38,,,,,,,,,,,,,,,,,,,,,,,,2.60%
8/31/38,,,,,,,,,,,,,,,,,,,,,,,,0.51%
9/30/38,,,,,,,,,,,,,,,,,,,,,,,,-1.60%
10/31/38,,,,,,,,,,,,,,,,,,,,,,,,-4.20%
11/30/38,,,,,,,,,,,,,,,,,,,,,,,,2.88%
12/31/38,,,,,,,,,,,,,,,,,,,,,,,,-0.65%
1/31/39,,,,,,,,,,,,,,,,,,,,,,,,2.90%
2/28/39,,,,,,,,,,,,,,,,,,,,,,,,1.53%
3/31/39,,,,,,,,,,,,,,,,,,,,,,,,8.38%
4/30/39,,,,,,,,,,,,,,,,,,,,,,,,-1.05%
5/31/39,,,,,,,,,,,,,,,,,,,,,,,,3.58%
6/30/39,,,,,,,,,,,,,,,,,,,,,,,,6.07%
7/31/39,,,,,,,,,,,,,,,,,,,,,,,,-3.56%
8/31/39,,,,,,,,,,,,,,,,,,,,,,,,0.34%
9/30/39,,,,,,,,,,,,,,,,,,,,,,,,-21.95%
10/31/39,,,,,,,,,,,,,,,,,,,,,,,,7.74%
11/30/39,,,,,,,,,,,,,,,,,,,,,,,,6.47%
12/31/39,,,,,,,,,,,,,,,,,,,,,,,,3.16%
1/31/40,,,,,,,,,,,,,,,,,,,,,,,,4.23%
2/29/40,,,,,,,,,,,,,,,,,,,,,,,,0.16%
3/31/40,,,,,,,,,,,,,,,,,,,,,,,,1.88%
4/30/40,,,,,,,,,,,,,,,,,,,,,,,,-0.33%
5/31/40,,,,,,,,,,,,,,,,,,,,,,,,-9.84%
6/30/40,,,,,,,,,,,,,,,,,,,,,,,,3.34%
7/31/40,,,,,,,,,,,,,,,,,,,,,,,,2.37%
8/31/40,,,,,,,,,,,,,,,,,,,,,,,,0.62%
9/30/40,,,,,,,,,,,,,,,,,,,,,,,,1.23%
10/31/40,,,,,,,,,,,,,,,,,,,,,,,,-1.89%
11/30/40,,,,,,,,,,,,,,,,,,,,,,,,1.80%
12/31/40,,,,,,,,,,,,,,,,,,,,,,,,1.86%
1/31/41,,,,,,,,,,,,,,,,,,,,,,,,0.29%
2/28/41,,,,,,,,,,,,,,,,,,,,,,,,-1.30%
3/31/41,,,,,,,,,,,,,,,,,,,,,,,,0.44%
4/30/41,,,,,,,,,,,,,,,,,,,,,,,,0.33%
5/31/41,,,,,,,,,,,,,,,,,,,,,,,,-1.08%
6/30/41,,,,,,,,,,,,,,,,,,,,,,,,1.72%
7/31/41,,,,,,,,,,,,,,,,,,,,,,,,-3.12%
8/31/41,,,,,,,,,,,,,,,,,,,,,,,,0.93%
9/30/41,,,,,,,,,,,,,,,,,,,,,,,,2.04%
10/31/41,,,,,,,,,,,,,,,,,,,,,,,,-0.25%
11/30/41,,,,,,,,,,,,,,,,,,,,,,,,0.66%
12/31/41,,,,,,,,,,,,,,,,,,,,,,,,0.01%
1/31/42,,,,,,,,,,,,,,,,,,,,,,,,-8.31%
2/28/42,,,,,,,,,,,,,,,,,,,,,,,,-2.22%
3/31/42,,,,,,,,,,,,,,,,,,,,,,,,-4.03%
4/30/42,,,,,,,,,,,,,,,,,,,,,,,,-2.06%
5/31/42,,,,,,,,,,,,,,,,,,,,,,,,5.01%
6/30/42,,,,,,,,,,,,,,,,,,,,,,,,2.34%
7/31/42,,,,,,,,,,,,,,,,,,,,,,,,0.58%
8/31/42,,,,,,,,,,,,,,,,,,,,,,,,0.54%
9/30/42,,,,,,,,,,,,,,,,,,,,,,,,-1.83%
10/31/42,,,,,,,,,,,,,,,,,,,,,,,,-2.02%
11/30/42,,,,,,,,,,,,,,,,,,,,,,,,3.93%
12/31/42,,,,,,,,,,,,,,,,,,,,,,,,2.83%
1/31/43,,,,,,,,,,,,,,,,,,,,,,,,-5.78%
2/28/43,,,,,,,,,,,,,,,,,,,,,,,,-6.23%
3/31/43,,,,,,,,,,,,,,,,,,,,,,,,0.99%
4/30/43,,,,,,,,,,,,,,,,,,,,,,,,-1.67%
5/31/43,,,,,,,,,,,,,,,,,,,,,,,,-0.99%
6/30/43,,,,,,,,,,,,,,,,,,,,,,,,2.56%
7/31/43,,,,,,,,,,,,,,,,,,,,,,,,2.24%
8/31/43,,,,,,,,,,,,,,,,,,,,,,,,0.71%
9/30/43,,,,,,,,,,,,,,,,,,,,,,,,0.98%
10/31/43,,,,,,,,,,,,,,,,,,,,,,,,-0.05%
11/30/43,,,,,,,,,,,,,,,,,,,,,,,,1.95%
12/31/43,,,,,,,,,,,,,,,,,,,,,,,,-1.11%
1/31/44,,,,,,,,,,,,,,,,,,,,,,,,0.08%
2/29/44,,,,,,,,,,,,,,,,,,,,,,,,-0.06%
3/31/44,,,,,,,,,,,,,,,,,,,,,,,,-0.88%
4/30/44,,,,,,,,,,,,,,,,,,,,,,,,0.46%
5/31/44,,,,,,,,,,,,,,,,,,,,,,,,1.40%
6/30/44,,,,,,,,,,,,,,,,,,,,,,,,-2.54%
7/31/44,,,,,,,,,,,,,,,,,,,,,,,,1.94%
8/31/44,,,,,,,,,,,,,,,,,,,,,,,,-0.41%
9/30/44,,,,,,,,,,,,,,,,,,,,,,,,0.10%
10/31/44,,,,,,,,,,,,,,,,,,,,,,,,2.13%
11/30/44,,,,,,,,,,,,,,,,,,,,,,,,0.47%
12/31/44,,,,,,,,,,,,,,,,,,,,,,,,-1.79%
1/31/45,,,,,,,,,,,,,,,,,,,,,,,,0.43%
2/28/45,,,,,,,,,,,,,,,,,,,,,,,,0.23%
3/31/45,,,,,,,,,,,,,,,,,,,,,,,,1.23%
4/30/45,,,,,,,,,,,,,,,,,,,,,,,,0.20%
5/31/45,,,,,,,,,,,,,,,,,,,,,,,,1.53%
6/30/45,,,,,,,,,,,,,,,,,,,,,,,,-4.86%
7/31/45,,,,,,,,,,,,,,,,,,,,,,,,1.03%
8/31/45,,,,,,,,,,,,,,,,,,,,,,,,3.90%
9/30/45,,,,,,,,,,,,,,,,,,,,,,,,2.45%
10/31/45,,,,,,,,,,,,,,,,,,,,,,,,4.86%
11/30/45,,,,,,,,,,,,,,,,,,,,,,,,0.79%
12/31/45,,,,,,,,,,,,,,,,,,,,,,,,1.04%
1/31/46,,,,,,,,,,,,,,,,,,,,,,,,-0.69%
2/28/46,,,,,,,,,,,,,,,,,,,,,,,,0.57%
3/31/46,,,,,,,,,,,,,,,,,,,,,,,,5.84%
4/30/46,,,,,,,,,,,,,,,,,,,,,,,,6.18%
5/31/46,,,,,,,,,,,,,,,,,,,,,,,,0.15%
6/30/46,,,,,,,,,,,,,,,,,,,,,,,,-1.35%
7/31/46,,,,,,,,,,,,,,,,,,,,,,,,1.39%
8/31/46,,,,,,,,,,,,,,,,,,,,,,,,0.65%
9/30/46,,,,,,,,,,,,,,,,,,,,,,,,0.16%
10/31/46,,,,,,,,,,,,,,,,,,,,,,,,0.20%
11/30/46,,,,,,,,,,,,,,,,,,,,,,,,1.94%
12/31/46,,,,,,,,,,,,,,,,,,,,,,,,0.78%
1/31/47,,,,,,,,,,,,,,,,,,,,,,,,-1.70%
2/28/47,,,,,,,,,,,,,,,,,,,,,,,,0.58%
3/31/47,,,,,,,,,,,,,,,,,,,,,,,,0.38%
4/30/47,,,,,,,,,,,,,,,,,,,,,,,,0.27%
5/31/47,,,,,,,,,,,,,,,,,,,,,,,,0.99%
6/30/47,,,,,,,,,,,,,,,,,,,,,,,,2.40%
7/31/47,,,,,,,,,,,,,,,,,,,,,,,,-0.27%
8/31/47,,,,,,,,,,,,,,,,,,,,,,,,0.48%
9/30/47,,,,,,,,,,,,,,,,,,,,,,,,-1.23%
10/31/47,,,,,,,,,,,,,,,,,,,,,,,,0.81%
11/30/47,,,,,,,,,,,,,,,,,,,,,,,,0.99%
12/31/47,,,,,,,,,,,,,,,,,,,,,,,,0.01%
1/31/48,,,,,,,,,,,,,,,,,,,,,,,,-2.22%
2/29/48,,,,,,,,,,,,,,,,,,,,,,,,0.40%
3/31/48,,,,,,,,,,,,,,,,,,,,,,,,-1.84%
4/30/48,,,,,,,,,,,,,,,,,,,,,,,,0.43%
5/31/48,,,,,,,,,,,,,,,,,,,,,,,,0.58%
6/30/48,,,,,,,,,,,,,,,,,,,,,,,,-0.62%
7/31/48,,,,,,,,,,,,,,,,,,,,,,,,0.37%
8/31/48,,,,,,,,,,,,,,,,,,,,,,,,0.60%
9/30/48,,,,,,,,,,,,,,,,,,,,,,,,1.45%
10/31/48,,,,,,,,,,,,,,,,,,,,,,,,0.52%
11/30/48,,,,,,,,,,,,,,,,,,,,,,,,1.37%
12/31/48,,,,,,,,,,,,,,,,,,,,,,,,0.51%
1/31/49,,,,,,,,,,,,,,,,,,,,,,,,1.69%
2/28/49,,,,,,,,,,,,,,,,,,,,,,,,0.96%
3/31/49,,,,,,,,,,,,,,,,,,,,,,,,-1.12%
4/30/49,,,,,,,,,,,,,,,,,,,,,,,,2.08%
5/31/49,,,,,,,,,,,,,,,,,,,,,,,,3.34%
6/30/49,,,,,,,,,,,,,,,,,,,,,,,,0.41%
7/31/49,,,,,,,,,,,,,,,,,,,,,,,,1.13%
8/31/49,,,,,,,,,,,,,,,,,,,,,,,,2.41%
9/30/49,,,,,,,,,,,,,,,,,,,,,,,,-0.60%
10/31/49,,,,,,,,,,,,,,,,,,,,,,,,0.54%
11/30/49,,,,,,,,,,,,,,,,,,,,,,,,2.14%
12/31/49,,,,,,,,,,,,,,,,,,,,,,,,-0.04%
1/31/50,,,,,,,,,,,,,,,,,,,,,,,,-1.12%
2/28/50,,,,,,,,,,,,,,,,,,,,,,,,0.86%
3/31/50,,,,,,,,,,,,,,,,,,,,,,,,0.58%
4/30/50,,,,,,,,,,,,,,,,,,,,,,,,-3.71%
5/31/50,,,,,,,,,,,,,,,,,,,,,,,,1.78%
6/30/50,,,,,,,,,,,,,,,,,,,,,,,,-1.02%
7/31/50,,,,,,,,,,,,,,,,,,,,,,,,-5.82%
8/31/50,,,,,,,,,,,,,,,,,,,,,,,,3.36%
9/30/50,,,,,,,,,,,,,,,,,,,,,,,,1.24%
10/31/50,,,,,,,,,,,,,,,,,,,,,,,,1.16%
11/30/50,,,,,,,,,,,,,,,,,,,,,,,,-0.92%
12/31/50,,,,,,,,,,,,,,,,,,,,,,,,-3.61%
1/31/51,,,,,,,,,,,,,,,,,,,,,,,,0.59%
2/28/51,,,,,,,,,,,,,,,,,,,,,,,,2.23%
3/31/51,,,,,,,,,,,,,,,,,,,,,,,,0.46%
4/30/51,,,,,,,,,,,,,,,,,,,,,,,,-1.39%
5/31/51,,,,,,,,,,,,,,,,,,,,,,,,2.12%
6/30/51,,,,,,,,,,,,,,,,,,,,,,,,1.71%
7/31/51,,,,,,,,,,,,,,,,,,,,,,,,-1.53%
8/31/51,,,,,,,,,,,,,,,,,,,,,,,,-0.22%
9/30/51,,,,,,,,,,,,,,,,,,,,,,,,-1.18%
10/31/51,,,,,,,,,,,,,,,,,,,,,,,,0.41%
11/30/51,,,,,,,,,,,,,,,,,,,,,,,,0.05%
12/31/51,,,,,,,,,,,,,,,,,,,,,,,,0.77%
1/31/52,,,,,,,,,,,,,,,,,,,,,,,,0.77%
2/29/52,,,,,,,,,,,,,,,,,,,,,,,,0.16%
3/31/52,,,,,,,,,,,,,,,,,,,,,,,,-1.21%
4/30/52,,,,,,,,,,,,,,,,,,,,,,,,0.90%
5/31/52,,,,,,,,,,,,,,,,,,,,,,,,0.48%
6/30/52,,,,,,,,,,,,,,,,,,,,,,,,-0.77%
7/31/52,,,,,,,,,,,,,,,,,,,,,,,,0.87%
8/31/52,,,,,,,,,,,,,,,,,,,,,,,,2.04%
9/30/52,,,,,,,,,,,,,,,,,,,,,,,,0.83%
10/31/52,,,,,,,,,,,,,,,,,,,,,,,,-0.39%
11/30/52,,,,,,,,,,,,,,,,,,,,,,,,0.40%
12/31/52,,,,,,,,,,,,,,,,,,,,,,,,-0.01%
1/31/53,,,,,,,,,,,,,,,,,,,,,,,,1.42%
2/28/53,,,,,,,,,,,,,,,,,,,,,,,,0.62%
3/31/53,,,,,,,,,,,,,,,,,,,,,,,,0.58%
4/30/53,,,,,,,,,,,,,,,,,,,,,,,,-0.53%
5/31/53,,,,,,,,,,,,,,,,,,,,,,,,0.12%
6/30/53,,,,,,,,,,,,,,,,,,,,,,,,-0.07%
7/31/53,,,,,,,,,,,,,,,,,,,,,,,,1.05%
8/31/53,,,,,,,,,,,,,,,,,,,,,,,,3.99%
9/30/53,,,,,,,,,,,,,,,,,,,,,,,,0.03%
10/31/53,,,,,,,,,,,,,,,,,,,,,,,,-0.54%
11/30/53,,,,,,,,,,,,,,,,,,,,,,,,0.77%
12/31/53,,,,,,,,,,,,,,,,,,,,,,,,2.62%
1/31/54,,,,,,,,,,,,,,,,,,,,,,,,-1.02%
2/28/54,,,,,,,,,,,,,,,,,,,,,,,,0.21%
3/31/54,,,,,,,,,,,,,,,,,,,,,,,,0.06%
4/30/54,,,,,,,,,,,,,,,,,,,,,,,,1.18%
5/31/54,,,,,,,,,,,,,,,,,,,,,,,,-0.05%
6/30/54,,,,,,,,,,,,,,,,,,,,,,,,1.33%
7/31/54,,,,,,,,,,,,,,,,,,,,,,,,1.86%
8/31/54,,,,,,,,,,,,,,,,,,,,,,,,0.75%
9/30/54,,,,,,,,,,,,,,,,,,,,,,,,0.55%
10/31/54,,,,,,,,,,,,,,,,,,,,,,,,-0.96%
11/30/54,,,,,,,,,,,,,,,,,,,,,,,,1.55%
12/31/54,,,,,,,,,,,,,,,,,,,,,,,,-1.69%
1/31/55,,,,,,,,,,,,,,,,,,,,,,,,0.76%
2/28/55,,,,,,,,,,,,,,,,,,,,,,,,0.08%
3/31/55,,,,,,,,,,,,,,,,,,,,,,,,-1.09%
4/30/55,,,,,,,,,,,,,,,,,,,,,,,,1.61%
5/31/55,,,,,,,,,,,,,,,,,,,,,,,,0.10%
6/30/55,,,,,,,,,,,,,,,,,,,,,,,,-0.51%
7/31/55,,,,,,,,,,,,,,,,,,,,,,,,2.83%
8/31/55,,,,,,,,,,,,,,,,,,,,,,,,-1.35%
9/30/55,,,,,,,,,,,,,,,,,,,,,,,,-0.40%
10/31/55,,,,,,,,,,,,,,,,,,,,,,,,0.10%
11/30/55,,,,,,,,,,,,,,,,,,,,,,,,-2.63%
12/31/55,,,,,,,,,,,,,,,,,,,,,,,,-1.56%
1/31/56,,,,,,,,,,,,,,,,,,,,,,,,1.90%
2/29/56,,,,,,,,,,,,,,,,,,,,,,,,-0.93%
3/31/56,,,,,,,,,,,,,,,,,,,,,,,,-1.33%
4/30/56,,,,,,,,,,,,,,,,,,,,,,,,-1.09%
5/31/56,,,,,,,,,,,,,,,,,,,,,,,,1.70%
6/30/56,,,,,,,,,,,,,,,,,,,,,,,,-1.33%
7/31/56,,,,,,,,,,,,,,,,,,,,,,,,-0.78%
8/31/56,,,,,,,,,,,,,,,,,,,,,,,,1.16%
9/30/56,,,,,,,,,,,,,,,,,,,,,,,,0.20%
10/31/56,,,,,,,,,,,,,,,,,,,,,,,,-0.03%
11/30/56,,,,,,,,,,,,,,,,,,,,,,,,-0.81%
12/31/56,,,,,,,,,,,,,,,,,,,,,,,,-2.63%
1/31/57,,,,,,,,,,,,,,,,,,,,,,,,5.30%
2/28/57,,,,,,,,,,,,,,,,,,,,,,,,1.51%
3/31/57,,,,,,,,,,,,,,,,,,,,,,,,0.66%
4/30/57,,,,,,,,,,,,,,,,,,,,,,,,0.53%
5/31/57,,,,,,,,,,,,,,,,,,,,,,,,-1.48%
6/30/57,,,,,,,,,,,,,,,,,,,,,,,,-1.21%
7/31/57,,,,,,,,,,,,,,,,,,,,,,,,1.02%
8/31/57,,,,,,,,,,,,,,,,,,,,,,,,3.45%
9/30/57,,,,,,,,,,,,,,,,,,,,,,,,3.80%
10/31/57,,,,,,,,,,,,,,,,,,,,,,,,1.11%
11/30/57,,,,,,,,,,,,,,,,,,,,,,,,1.51%
12/31/57,,,,,,,,,,,,,,,,,,,,,,,,6.54%
1/31/58,,,,,,,,,,,,,,,,,,,,,,,,0.50%
2/28/58,,,,,,,,,,,,,,,,,,,,,,,,4.68%
3/31/58,,,,,,,,,,,,,,,,,,,,,,,,1.03%
4/30/58,,,,,,,,,,,,,,,,,,,,,,,,2.68%
5/31/58,,,,,,,,,,,,,,,,,,,,,,,,0.60%
6/30/58,,,,,,,,,,,,,,,,,,,,,,,,0.38%
7/31/58,,,,,,,,,,,,,,,,,,,,,,,,-2.63%
8/31/58,,,,,,,,,,,,,,,,,,,,,,,,0.44%
9/30/58,,,,,,,,,,,,,,,,,,,,,,,,-0.04%
10/31/58,,,,,,,,,,,,,,,,,,,,,,,,2.21%
11/30/58,,,,,,,,,,,,,,,,,,,,,,,,1.71%
12/31/58,,,,,,,,,,,,,,,,,,,,,,,,3.59%
1/31/59,,,,,,,,,,,,,,,,,,,,,,,,2.54%
2/28/59,,,,,,,,,,,,,,,,,,,,,,,,0.96%
3/31/59,,,,,,,,,,,,,,,,,,,,,,,,0.41%
4/30/59,,,,,,,,,,,,,,,,,,,,,,,,-1.12%
5/31/59,,,,,,,,,,,,,,,,,,,,,,,,-0.90%
6/30/59,,,,,,,,,,,,,,,,,,,,,,,,-1.78%
7/31/59,,,,,,,,,,,,,,,,,,,,,,,,2.33%
8/31/59,,,,,,,,,,,,,,,,,,,,,,,,3.37%
9/30/59,,,,,,,,,,,,,,,,,,,,,,,,-0.04%
10/31/59,,,,,,,,,,,,,,,,,,,,,,,,-1.64%
11/30/59,,,,,,,,,,,,,,,,,,,,,,,,-0.82%
12/31/59,,,,,,,,,,,,,,,,,,,,,,,,0.02%
1/31/60,,,,,,,,,,,,,,,,,,,,,,,,2.13%
2/29/60,,,,,,,,,,,,,,,,,,,,,,,,0.32%
3/31/60,,,,,,,,,,,,,,,,,,,,,,,,2.36%
4/30/60,,,,,,,,,,,,,,,,,,,,,,,,2.84%
5/31/60,,,,,,,,,,,,,,,,,,,,,,,,-1.22%
6/30/60,,,,,,,,,,,,,,,,,,,,,,,,3.80%
7/31/60,,,,,,,,,,,,,,,,,,,,,,,,2.38%
8/31/60,,,,,,,,,,,,,,,,,,,,,,,,2.65%
9/30/60,,,,,,,,,,,,,,,,,,,,,,,,0.10%
10/31/60,,,,,,,,,,,,,,,,,,,,,,,,1.10%
11/30/60,,,,,,,,,,,,,,,,,,,,,,,,1.56%
12/31/60,,,,,,,,,,,,,,,,,,,,,,,,2.36%
1/31/61,,,,,,,,,,,,,,,,,,,,,,,,2.18%
2/28/61,,,,,,,,,,,,,,,,,,,,,,,,2.38%
3/31/61,,,,,,,,,,,,,,,,,,,,,,,,2.56%
4/30/61,,,,,,,,,,,,,,,,,,,,,,,,2.82%
5/31/61,,,,,,,,,,,,,,,,,,,,,,,,0.57%
6/30/61,,,,,,,,,,,,,,,,,,,,,,,,0.68%
7/31/61,,,,,,,,,,,,,,,,,,,,,,,,0.77%
8/31/61,,,,,,,,,,,,,,,,,,,,,,,,4.10%
9/30/61,,,,,,,,,,,,,,,,,,,,,,,,3.12%
10/31/61,,,,,,,,,,,,,,,,,,,,,,,,4.70%
11/30/61,,,,,,,,,,,,,,,,,,,,,,,,3.17%
12/31/61,,,,,,,,,,,,,,,,,,,,,,,,-2.85%
1/31/62,,,,,,,,,,,,,,,,,,,,,,,,-2.40%
2/28/62,,,,,,,,,,,,,,,,,,,,,,,,1.50%
3/31/62,,,,,,,,,,,,,,,,,,,,,,,,1.09%
4/30/62,,,,,,,,,,,,,,,,,,,,,,,,0.40%
5/31/62,,,,,,,,,,,,,,,,,,,,,,,,-4.14%
6/30/62,,,,,,,,,,,,,,,,,,,,,,,,0.23%
7/31/62,,,,,,,,,,,,,,,,,,,,,,,,-0.09%
8/31/62,,,,,,,,,,,,,,,,,,,,,,,,0.02%
9/30/62,,,,,,,,,,,,,,,,,,,,,,,,1.78%
10/31/62,,,,,,,,,,,,,,,,,,,,,,,,-1.13%
11/30/62,,,,,,,,,,,,,,,,,,,,,,,,-3.50%
12/31/62,,,,,,,,,,,,,,,,,,,,,,,,2.81%
1/31/63,,,,,,,,,,,,,,,,,,,,,,,,2.90%
2/28/63,,,,,,,,,,,,,,,,,,,,,,,,1.24%
3/31/63,,,,,,,,,,,,,,,,,,,,,,,,-0.06%
4/30/63,,,,,,,,,,,,,,,,,,,,,,,,0.32%
5/31/63,,,,,,,,,,,,,,,,,,,,,,,,-0.98%
6/30/63,,,,,,,,,,,,,,,,,,,,,,,,0.52%
7/31/63,,,,,,,,,,,,,,,,,,,,,,,,0.81%
8/31/63,,,,,,,,,,,,,,,,,,,,,,,,-1.22%
9/30/63,,,,,,,,,,,,,,,,,,,,,,,,1.07%
10/31/63,,,,,,,,,,,,,,,,,,,,,,,,-1.88%
11/30/63,,,,,,,,,,,,,,,,,,,,,,,,-0.52%
12/31/63,,,,,,,,,,,,,,,,,,,,,,,,0.01%
1/31/64,,,,,,,,,,,,,,,,,,,,,,,,0.61%
2/29/64,,,,,,,,,,,,,,,,,,,,,,,,-0.50%
3/31/64,,,,,,,,,,,,,,,,,,,,,,,,-0.19%
4/30/64,,,,,,,,,,,,,,,,,,,,,,,,2.53%
5/31/64,,,,,,,,,,,,,,,,,,,,,,,,0.52%
6/30/64,,,,,,,,,,,,,,,,,,,,,,,,0.79%
7/31/64,,,,,,,,,,,,,,,,,,,,,,,,2.16%
8/31/64,,,,,,,,,,,,,,,,,,,,,,,,0.94%
9/30/64,,,,,,,,,,,,,,,,,,,,,,,,-1.84%
10/31/64,,,,,,,,,,,,,,,,,,,,,,,,0.62%
11/30/64,,,,,,,,,,,,,,,,,,,,,,,,1.99%
12/31/64,,,,,,,,,,,,,,,,,,,,,,,,-0.03%
1/31/65,,,,,,,,,,,,,,,,,,,,,,,,0.06%
2/28/65,,,,,,,,,,,,,,,,,,,,,,,,-0.09%
3/31/65,,,,,,,,,,,,,,,,,,,,,,,,-0.47%
4/30/65,,,,,,,,,,,,,,,,,,,,,,,,-0.44%
5/31/65,,,,,,,,,,,,,,,,,,,,,,,,-0.01%
6/30/65,,,,,,,,,,,,,,,,,,,,,,,,0.08%
7/31/65,,,,,,,,,,,,,,,,,,,,,,,,-0.96%
8/31/65,,,,,,,,,,,,,,,,,,,,,,,,-1.94%
9/30/65,,,,,,,,,,,,,,,,,,,,,,,,-1.26%
10/31/65,,,,,,,,,,,,,,,,,,,,,,,,-1.74%
11/30/65,,,,,,,,,,,,,,,,,,,,,,,,-2.06%
12/31/65,,,,,,,,,,,,,,,,,,,,,,,,-0.11%
1/31/66,,,,,,,,,,,,,,,,,,,,,,,,1.35%
2/28/66,,,,,,,,,,,,,,,,,,,,,,,,-1.70%
3/31/66,,,,,,,,,,,,,,,,,,,,,,,,0.37%
4/30/66,,,,,,,,,,,,,,,,,,,,,,,,-1.10%
5/31/66,,,,,,,,,,,,,,,,,,,,,,,,0.01%
6/30/66,,,,,,,,,,,,,,,,,,,,,,,,-1.37%
7/31/66,,,,,,,,,,,,,,,,,,,,,,,,-0.02%
8/31/66,,,,,,,,,,,,,,,,,,,,,,,,-3.00%
9/30/66,,,,,,,,,,,,,,,,,,,,,,,,1.26%
10/31/66,,,,,,,,,,,,,,,,,,,,,,,,2.14%
11/30/66,,,,,,,,,,,,,,,,,,,,,,,,-5.29%
12/31/66,,,,,,,,,,,,,,,,,,,,,,,,-0.74%
1/31/67,,,,,,,,,,,,,,,,,,,,,,,,1.40%
2/28/67,,,,,,,,,,,,,,,,,,,,,,,,2.62%
3/31/67,,,,,,,,,,,,,,,,,,,,,,,,0.81%
4/30/67,,,,,,,,,,,,,,,,,,,,,,,,1.71%
5/31/67,,,,,,,,,,,,,,,,,,,,,,,,2.01%
6/30/67,,,,,,,,,,,,,,,,,,,,,,,,-1.63%
7/31/67,,,,,,,,,,,,,,,,,,,,,,,,4.56%
8/31/67,,,,,,,,,,,,,,,,,,,,,,,,2.27%
9/30/67,,,,,,,,,,,,,,,,,,,,,,,,2.13%
10/31/67,,,,,,,,,,,,,,,,,,,,,,,,-0.04%
11/30/67,,,,,,,,,,,,,,,,,,,,,,,,-0.75%
12/31/67,,,,,,,,,,,,,,,,,,,,,,,,0.20%
1/31/68,,,,,,,,,,,,,,,,,,,,,,,,6.29%
2/29/68,,,,,,,,,,,,,,,,,,,,,,,,2.13%
3/31/68,,,,,,,,,,,,,,,,,,,,,,,,-1.58%
4/30/68,,,,,,,,,,,,,,,,,,,,,,,,0.17%
5/31/68,,,,,,,,,,,,,,,,,,,,,,,,1.81%
6/30/68,,,,,,,,,,,,,,,,,,,,,,,,6.89%
7/31/68,,,,,,,,,,,,,,,,,,,,,,,,2.47%
8/31/68,,,,,,,,,,,,,,,,,,,,,,,,0.15%
9/30/68,,,,,,,,,,,,,,,,,,,,,,,,0.71%
10/31/68,,,,,,,,,,,,,,,,,,,,,,,,3.22%
11/30/68,,,,,,,,,,,,,,,,,,,,,,,,2.57%
12/31/68,,,,,,,,,,,,,,,,,,,,,,,,1.05%
1/31/69,,,,,,,,,,,,,,,,,,,,,,,,0.69%
2/28/69,,,,,,,,,,,,,,,,,,,,,,,,-0.31%
3/31/69,,,,,,,,,,,,,,,,,,,,,,,,-1.76%
4/30/69,,,,,,,,,,,,,,,,,,,,,,,,-0.48%
5/31/69,,,,,,,,,,,,,,,,,,,,,,,,1.76%
6/30/69,,,,,,,,,,,,,,,,,,,,,,,,-1.31%
7/31/69,,,,,,,,,,,,,,,,,,,,,,,,-1.04%
8/31/69,,,,,,,,,,,,,,,,,,,,,,,,-1.31%
9/30/69,,,,,,,,,,,,,,,,,,,,,,,,0.12%
10/31/69,,,,,,,,,,,,,,,,,,,,,,,,1.20%
11/30/69,,,,,,,,,,,,,,,,,,,,,,,,-0.38%
12/31/69,,,,,,,,,,,,,,,,,,,,,,,,0.57%
1/31/70,,,,,,,,,,,,,,,,,,,,,,,,0.98%
2/28/70,,,,,,,,,,,,,,,,,,,,,,,,2.61%
3/31/70,,,,,,,,,,,,,,,,,,,,,,,,4.18%
4/30/70,,,,,,,,,,,,,,,,,,,,,,,,1.39%
5/31/70,,,,,,,,,,,,,,,,,,,,,,,,-4.99%
6/30/70,,,,,,,,,,,,,,,,,,,,,,,,4.39%
7/31/70,,,,,,,,,,,,,,,,,,,,,,,,3.40%
8/31/70,,,,,,,,,,,,,,,,,,,,,,,,-1.09%
9/30/70,,,,,,,,,,,,,,,,,,,,,,,,-5.48%
10/31/70,,,,,,,,,,,,,,,,,,,,,,,,4.33%
11/30/70,,,,,,,,,,,,,,,,,,,,,,,,4.37%
12/31/70,,,,,,,,,,,,,,,,,,,,,,,,6.05%
1/31/71,,,,,,,,,,,,,,,,,,,,,,,,-1.54%
2/28/71,,,,,,,,,,,,,,,,,,,,,,,,-0.28%
3/31/71,,,,,,,,,,,,,,,,,,,,,,,,0.06%
4/30/71,,,,,,,,,,,,,,,,,,,,,,,,-0.27%
5/31/71,,,,,,,,,,,,,,,,,,,,,,,,-0.42%
6/30/71,,,,,,,,,,,,,,,,,,,,,,,,1.55%
7/31/71,,,,,,,,,,,,,,,,,,,,,,,,1.52%
8/31/71,,,,,,,,,,,,,,,,,,,,,,,,-0.04%
9/30/71,,,,,,,,,,,,,,,,,,,,,,,,0.08%
10/31/71,,,,,,,,,,,,,,,,,,,,,,,,0.84%
11/30/71,,,,,,,,,,,,,,,,,,,,,,,,-0.06%
12/31/71,,,,,,,,,,,,,,,,,,,,,,,,2.98%
1/31/72,,,,,,,,,,,,,,,,,,,,,,,,-4.23%
2/29/72,,,,,,,,,,,,,,,,,,,,,,,,-0.34%
3/31/72,,,,,,,,,,,,,,,,,,,,,,,,1.30%
4/30/72,,,,,,,,,,,,,,,,,,,,,,,,-0.30%
5/31/72,,,,,,,,,,,,,,,,,,,,,,,,1.02%
6/30/72,,,,,,,,,,,,,,,,,,,,,,,,0.06%
7/31/72,,,,,,,,,,,,,,,,,,,,,,,,1.45%
8/31/72,,,,,,,,,,,,,,,,,,,,,,,,2.28%
9/30/72,,,,,,,,,,,,,,,,,,,,,,,,0.30%
10/31/72,,,,,,,,,,,,,,,,,,,,,,,,2.45%
11/30/72,,,,,,,,,,,,,,,,,,,,,,,,3.04%
12/31/72,,,,,,,,,,,,,,,,,,,,,,,,1.54%
1/31/73,,,,,,,,,,,,,,,,,,,,,,,,-0.85%
2/28/73,,,,,,,,,,,,,,,,,,,,,,,,-0.02%
3/31/73,,,,,,,,,,,,,,,,,,,,,,,,-0.61%
4/30/73,,,,,,,,,,,,,,,,,,,,,,,,1.29%
5/31/73,,,,,,,,,,,,,,,,,,,,,,,,0.71%
6/30/73,,,,,,,,,,,,,,,,,,,,,,,,-0.79%
7/31/73,,,,,,,,,,,,,,,,,,,,,,,,-3.94%
8/31/73,,,,,,,,,,,,,,,,,,,,,,,,-0.27%
9/30/73,,,,,,,,,,,,,,,,,,,,,,,,2.24%
10/31/73,,,,,,,,,,,,,,,,,,,,,,,,1.35%
11/30/73,,,,,,,,,,,,,,,,,,,,,,,,-4.12%
12/31/73,,,,,,,,,,,,,,,,,,,,,,,,1.60%
1/31/74,,,,,,,,,,,,,,,,,,,,,,,,-2.05%
2/28/74,,,,,,,,,,,,,,,,,,,,,,,,2.37%
3/31/74,,,,,,,,,,,,,,,,,,,,,,,,0.63%
4/30/74,,,,,,,,,,,,,,,,,,,,,,,,-3.48%
5/31/74,,,,,,,,,,,,,,,,,,,,,,,,-1.60%
6/30/74,,,,,,,,,,,,,,,,,,,,,,,,-0.37%
7/31/74,,,,,,,,,,,,,,,,,,,,,,,,-0.28%
8/31/74,,,,,,,,,,,,,,,,,,,,,,,,-4.77%
9/30/74,,,,,,,,,,,,,,,,,,,,,,,,-1.09%
10/31/74,,,,,,,,,,,,,,,,,,,,,,,,4.58%
11/30/74,,,,,,,,,,,,,,,,,,,,,,,,-1.47%
12/31/74,,,,,,,,,,,,,,,,,,,,,,,,-2.67%
1/31/75,,,,,,,,,,,,,,,,,,,,,,,,4.84%
2/28/75,,,,,,,,,,,,,,,,,,,,,,,,-0.69%
3/31/75,,,,,,,,,,,,,,,,,,,,,,,,-4.06%
4/30/75,,,,,,,,,,,,,,,,,,,,,,,,1.15%
5/31/75,,,,,,,,,,,,,,,,,,,,,,,,1.39%
6/30/75,,,,,,,,,,,,,,,,,,,,,,,,2.95%
7/31/75,,,,,,,,,,,,,,,,,,,,,,,,4.01%
8/31/75,,,,,,,,,,,,,,,,,,,,,,,,-0.29%
9/30/75,,,,,,,,,,,,,,,,,,,,,,,,2.56%
10/31/75,,,,,,,,,,,,,,,,,,,,,,,,1.94%
11/30/75,,,,,,,,,,,,,,,,,,,,,,,,1.47%
12/31/75,,,,,,,,,,,,,,,,,,,,,,,,-1.80%
1/31/76,,,,,,,,,,,,,,,,,,,,,,,,2.54%
2/29/76,,,,,,,,,,,,,,,,,,,,,,,,0.66%
3/31/76,,,,,,,,,,,,,,,,,,,,,,,,-0.45%
4/30/76,,,,,,,,,,,,,,,,,,,,,,,,2.50%
5/31/76,,,,,,,,,,,,,,,,,,,,,,,,0.21%
6/30/76,,,,,,,,,,,,,,,,,,,,,,,,-1.34%
7/31/76,,,,,,,,,,,,,,,,,,,,,,,,1.87%
8/31/76,,,,,,,,,,,,,,,,,,,,,,,,1.38%
9/30/76,,,,,,,,,,,,,,,,,,,,,,,,1.72%
10/31/76,,,,,,,,,,,,,,,,,,,,,,,,1.12%
11/30/76,,,,,,,,,,,,,,,,,,,,,,,,0.45%
12/31/76,,,,,,,,,,,,,,,,,,,,,,,,3.17%
1/31/77,,,,,,,,,,,,,,,,,,,,,,,,4.07%
2/28/77,,,,,,,,,,,,,,,,,,,,,,,,2.49%
3/31/77,,,,,,,,,,,,,,,,,,,,,,,,1.23%
4/30/77,,,,,,,,,,,,,,,,,,,,,,,,1.06%
5/31/77,,,,,,,,,,,,,,,,,,,,,,,,1.04%
6/30/77,,,,,,,,,,,,,,,,,,,,,,,,-0.22%
7/31/77,,,,,,,,,,,,,,,,,,,,,,,,2.86%
8/31/77,,,,,,,,,,,,,,,,,,,,,,,,0.34%
9/30/77,,,,,,,,,,,,,,,,,,,,,,,,0.41%
10/31/77,,,,,,,,,,,,,,,,,,,,,,,,0.18%
11/30/77,,,,,,,,,,,,,,,,,,,,,,,,0.28%
12/31/77,,,,,,,,,,,,,,,,,,,,,,,,2.37%
1/31/78,,,,,,,,,,,,,,,,,,,,,,,,0.23%
2/28/78,,,,,,,,,,,,,,,,,,,,,,,,1.49%
3/31/78,,,,,,,,,,,,,,,,,,,,,,,,1.63%
4/30/78,,,,,,,,,,,,,,,,,,,,,,,,3.21%
5/31/78,,,,,,,,,,,,,,,,,,,,,,,,2.21%
6/30/78,,,,,,,,,,,,,,,,,,,,,,,,2.10%
7/31/78,,,,,,,,,,,,,,,,,,,,,,,,0.37%
8/31/78,,,,,,,,,,,,,,,,,,,,,,,,4.65%
9/30/78,,,,,,,,,,,,,,,,,,,,,,,,2.39%
10/31/78,,,,,,,,,,,,,,,,,,,,,,,,-3.75%
11/30/78,,,,,,,,,,,,,,,,,,,,,,,,-4.21%
12/31/78,,,,,,,,,,,,,,,,,,,,,,,,0.22%
1/31/79,,,,,,,,,,,,,,,,,,,,,,,,3.34%
2/28/79,,,,,,,,,,,,,,,,,,,,,,,,1.04%
3/31/79,,,,,,,,,,,,,,,,,,,,,,,,-1.35%
4/30/79,,,,,,,,,,,,,,,,,,,,,,,,1.13%
5/31/79,,,,,,,,,,,,,,,,,,,,,,,,-0.12%
6/30/79,,,,,,,,,,,,,,,,,,,,,,,,1.65%
7/31/79,,,,,,,,,,,,,,,,,,,,,,,,1.60%
8/31/79,,,,,,,,,,,,,,,,,,,,,,,,1.96%
9/30/79,,,,,,,,,,,,,,,,,,,,,,,,0.39%
10/31/79,,,,,,,,,,,,,,,,,,,,,,,,-4.70%
11/30/79,,,,,,,,,,,,,,,,,,,,,,,,-1.60%
12/31/79,,,,,,,,,,,,,,,,,,,,,,,,0.84%
1/31/80,,,,,,,,,,,,,,,,,,,,,,,,2.63%
2/29/80,,,,,,,,,,,,,,,,,,,,,,,,-1.53%
3/31/80,,,,,,,,,,,,,,,,,,,,,,,,-4.71%
4/30/80,,,,,,,,,,,,,,,,,,,,,,,,2.09%
5/31/80,,,,,,,,,,,,,,,,,,,,,,,,3.65%
6/30/80,,,,,,,,,,,,,,,,,,,,,,,,3.69%
7/31/80,,,,,,,,,,,,,,,,,,,,,,,,-0.94%
8/31/80,,,,,,,,,,,,,,,,,,,,,,,,1.52%
9/30/80,,,,,,,,,,,,,,,,,,,,,,,,1.29%
10/31/80,,,,,,,,,,,,,,,,,,,,,,,,-0.22%
11/30/80,,,,,,,,,,,,,,,,,,,,,,,,-6.26%
12/31/80,,,,,,,,,,,,,,,,,,,,,,,,0.92%
1/31/81,,,,,,,,,,,,,,,,,,,,,,,,4.71%
2/28/81,,,,,,,,,,,,,,,,,,,,,,,,1.96%
3/31/81,,,,,,,,,,,,,,,,,,,,,,,,3.67%
4/30/81,,,,,,,,,,,,,,,,,,,,,,,,5.67%
5/31/81,,,,,,,,,,,,,,,,,,,,,,,,-0.36%
6/30/81,,,,,,,,,,,,,,,,,,,,,,,,5.44%
7/31/81,,,,,,,,,,,,,,,,,,,,,,,,-1.34%
8/31/81,,,,,,,,,,,,,,,,,,,,,,,,2.00%
9/30/81,,,,,,,,,,,,,,,,,,,,,,,,-1.62%
10/31/81,,,,,,,,,,,,,,,,,,,,,,,,-1.94%
11/30/81,,,,,,,,,,,,,,,,,,,,,,,,4.37%
12/31/81,,,,,,,,,,,,,,,,,,,,,,,,2.21%
1/31/82,,,,,,,,,,,,,,,,,,,,,,,,0.02%
2/28/82,,,,,,,,,,,,,,,,,,,,,,,,3.02%
3/31/82,,,,,,,,,,,,,,,,,,,,,,,,1.64%
4/30/82,,,,,,,,,,,,,,,,,,,,,,,,2.14%
5/31/82,,,,,,,,,,,,,,,,,,,,,,,,2.48%
6/30/82,,,,,,,,,,,,,,,,,,,,,,,,-0.49%
7/31/82,,,,,,,,,,,,,,,,,,,,,,,,1.49%
8/31/82,,,,,,,,,,,,,,,,,,,,,,,,-2.27%
9/30/82,,,,,,,,,,,,,,,,,,,,,,,,7.55%
10/31/82,,,,,,,,,,,,,,,,,,,,,,,,2.78%
11/30/82,,,,,,,,,,,,,,,,,,,,,,,,6.73%
12/31/82,,,,,,,,,,,,,,,,,,,,,,,,3.04%
1/31/83,,,,,,,,,,,,,,,,,,,,,,,,2.68%
2/28/83,,,,,,,,,,,,,,,,,,,,,,,,8.33%
3/31/83,,,,,,,,,,,,,,,,,,,,,,,,6.53%
4/30/83,,,,,,,,,,,,,,,,,,,,,,,,4.67%
5/31/83,,,,,,,,,,,,,,,,,,,,,,,,3.13%
6/30/83,,,,,,,,,,,,,,,,,,,,,,,,2.88%
7/31/83,,,,,,,,,,,,,,,,,,,,,,,,3.80%
8/31/83,,,,,,,,,,,,,,,,,,,,,,,,-0.88%
9/30/83,,,,,,,,,,,,,,,,,,,,,,,,3.47%
10/31/83,,,,,,,,,,,,,,,,,,,,,,,,3.48%
11/30/83,,,,,,,,,,,,,,,,,,,,,,,,-0.13%
12/31/83,,,,,,,,,,,,,,,,,,,,,,,,1.36%
1/31/84,,,,,,,,,,,,,,,,,,,,,,,,3.30%
2/29/84,,,,,,,,,,,,,,,,,,,,,,,,-1.92%
3/31/84,,,,,,,,,,,,,,,,,,,,,,,,-0.22%
4/30/84,,,,,,,,,,,,,,,,,,,,,,,,-0.19%
5/31/84,,,,,,,,,,,,,,,,,,,,,,,,1.77%
6/30/84,,,,,,,,,,,,,,,,,,,,,,,,0.75%
7/31/84,,,,,,,,,,,,,,,,,,,,,,,,2.91%
8/31/84,,,,,,,,,,,,,,,,,,,,,,,,0.03%
9/30/84,,,,,,,,,,,,,,,,,,,,,,,,4.45%
10/31/84,,,,,,,,,,,,,,,,,,,,,,,,2.69%
11/30/84,,,,,,,,,,,,,,,,,,,,,,,,1.26%
12/31/84,,,,,,,,,,,,,,,,,,,,,,,,0.26%
1/31/85,,,,,,,,,,,,,,,,,,,,,,,,2.08%
2/28/85,,,,,,,,,,,,,,,,,,,,,,,,4.79%
3/31/85,,,,,,,,,,,,,,,,,,,,,,,,3.32%
4/30/85,,,,,,,,,,,,,,,,,,,,,,,,3.32%
5/31/85,,,,,,,,,,,,,,,,,,,,,,,,1.55%
6/30/85,,,,,,,,,,,,,,,,,,,,,,,,2.95%
7/31/85,,,,,,,,,,,,,,,,,,,,,,,,-0.48%
8/31/85,,,,,,,,,,,,,,,,,,,,,,,,0.83%
9/30/85,,,,,,,,,,,,,,,,,,,,,,,,0.48%
10/31/85,,,,,,,,,,,,,,,,,,,,,,,,2.22%
11/30/85,,,,,,,,,,,,,,,,,,,,,,,,2.39%
12/31/85,,,,,,,,,,,,,,,,,,,,,,,,3.16%
1/31/86,,,,,,,,,,,,,,,,,,,,,,,,1.81%
2/28/86,,,,,,,,,,,,,,,,,,,,,,,,4.40%
3/31/86,,,,,,,,,,,,,,,,,,,,,,,,4.53%
4/30/86,,,,,,,,,,,,,,,,,,,,,,,,1.87%
5/31/86,,,,,,,,,,,,,,,,,,,,,,,,3.32%
6/30/86,,,,,,,,,,,,,,,,,,,,,,,,5.12%
7/31/86,,,,,,,,,,,,,,,,,,,,,,,,1.42%
8/31/86,,,,,,,,,,,,,,,,,,,,,,,,-1.59%
9/30/86,,,,,,,,,,,,,,,,,,,,,,,,-2.44%
10/31/86,,,,,,,,,,,,,,,,,,,,,,,,-1.46%
11/30/86,,,,,,,,,,,,,,,,,,,,,,,,-0.97%
12/31/86,,,,,,,,,,,,,,,,,,,,,,,,-2.22%
1/31/87,,,,,,,,,,,,,,,,,,,,,,,,3.63%
2/28/87,,,,2.24%,,,,,,,,,,,,,,,,,,,,0.53%
3/31/87,,,,1.83%,,,,,,,,,,,,,,,,,,,,4.94%
4/30/87,,,,-5.44%,,,,,,,,,,,,,,,,,,,,0.42%
5/31/87,,,,-0.56%,,,,,,,,,,,,,,,,,,,,-0.35%
6/30/87,,,,1.59%,,,,,,,,,,,,,,,,,,,,2.25%
7/31/87,,,,-5.38%,,,,,,,,,,,,,,,,,,,,4.38%
8/31/87,,,,2.42%,,,,,,,,,,,,,,,,,,,,-0.54%
9/30/87,,,,-4.00%,,,,,,,,,,,,,,,,,,,,0.06%
10/31/87,,,,-7.91%,,,,,,,,,,,,,,,,,,,,-12.69%
11/30/87,,,,-0.63%,,,,,,,,,,,,,,,,,,,,4.36%
12/31/87,,,,1.33%,,,,,,,,,,,,,,,,,,,,-9.26%
1/31/88,,,,6.12%,,,,,,,,,,,,,,,,,,,,3.73%
2/29/88,,,,3.41%,,,,,,,,,,,,,,,,,,,,-1.18%
3/31/88,,,,0.94%,,,,,,,,,,,,,,,,,,,,5.52%
4/30/88,,,,0.32%,,,,,,,,,,,,,,,,,,,,1.85%
5/31/88,,,,-0.26%,,,,,,,,,,,,,,,,,,,,0.99%
6/30/88,,,,3.54%,,,,,,,,,,,,,,,,,,,,-0.53%
7/31/88,,,,2.52%,,,,,,,,,,,,,,,,,,,,1.59%
8/31/88,,,,0.71%,,,,,,,,,,,,,,,,,,,,1.46%
9/30/88,,,,2.95%,,,,,,,,,,,,,,,,,,,,-2.13%
10/31/88,,,,4.20%,,,,,,,,,,,,,,,,,,,,0.21%
11/30/88,,,,1.20%,,,,,,,,,,,,,,,,,,,,-1.92%
12/31/88,-17.47%,,,2.01%,,,,,,,,,,,,,,,,,,,,-2.54%
1/31/89,-2.37%,,,-2.91%,,,,,,,,,,,,,,,,,,,,0.85%
2/28/89,-4.05%,11.12%,2.30%,-0.11%,-1.47%,0.98%,3.51%,-1.64%,5.27%,-0.34%,3.48%,,-1.74%,-5.29%,,4.74%,-3.96%,0.41%,3.37%,13.88%,,-1.07%,-7.45%,1.04%
3/31/89,0.56%,26.84%,-0.73%,0.00%,-2.41%,-2.00%,1.06%,-2.40%,-1.15%,-2.59%,-0.18%,,1.61%,-2.77%,,-1.65%,-4.95%,0.16%,-14.39%,3.34%,,-1.26%,-1.51%,2.06%
4/30/89,-5.89%,11.82%,-2.18%,0.67%,-1.94%,2.21%,8.13%,-2.61%,-0.05%,0.79%,-0.06%,,-2.30%,-7.47%,,2.43%,1.17%,-1.07%,3.91%,-14.05%,,-0.06%,-2.17%,0.89%
5/31/89,-10.67%,9.34%,-3.54%,2.99%,0.93%,-1.45%,-0.55%,0.71%,-0.84%,-1.19%,-2.19%,,3.58%,9.94%,,3.32%,3.31%,-0.29%,2.86%,-12.36%,,-1.57%,0.47%,-0.44%
6/30/89,-1.30%,15.32%,1.52%,2.45%,2.37%,2.03%,3.85%,4.64%,19.86%,0.80%,0.10%,,-2.62%,0.74%,,-1.46%,3.78%,1.24%,-3.72%,-1.95%,,-0.98%,4.75%,2.01%
7/31/89,-3.51%,12.17%,4.15%,-0.21%,-8.55%,2.47%,4.75%,0.27%,5.72%,7.15%,1.87%,,-8.53%,6.34%,,0.92%,-0.12%,7.08%,6.05%,8.30%,,0.42%,-2.20%,0.86%
8/31/89,3.11%,-2.62%,2.51%,0.48%,2.18%,1.43%,-5.33%,3.11%,1.61%,-1.46%,-1.55%,,-2.80%,6.59%,,0.26%,7.04%,3.14%,5.46%,1.03%,,3.38%,6.21%,0.92%
9/30/89,-5.51%,8.97%,-2.21%,-1.50%,11.28%,8.26%,-3.32%,1.87%,-0.89%,5.82%,1.66%,,2.06%,-1.13%,,1.98%,4.95%,4.10%,4.86%,3.84%,,5.48%,-9.24%,0.08%
10/31/89,1.20%,-0.22%,1.33%,0.74%,-2.22%,1.64%,0.56%,-0.09%,-1.37%,0.09%,-6.57%,,-1.23%,-6.03%,,1.35%,3.02%,1.82%,-8.88%,6.01%,,-2.92%,1.56%,0.49%
11/30/89,-0.03%,-9.01%,-0.56%,-2.96%,1.24%,-1.38%,3.86%,-0.40%,-6.71%,0.04%,-0.05%,,2.78%,-8.74%,,3.52%,-0.70%,3.50%,-3.38%,-7.73%,,0.66%,-4.92%,1.31%
12/31/89,0.39%,14.00%,-0.71%,1.15%,0.65%,-3.04%,-4.10%,3.21%,-1.15%,1.91%,0.29%,,-0.35%,-5.35%,,3.12%,6.85%,0.52%,-6.42%,0.73%,,5.17%,8.89%,-0.90%
1/31/90,-8.04%,6.51%,1.24%,-5.76%,8.78%,0.74%,0.09%,-5.43%,5.00%,3.34%,3.40%,,1.78%,-11.03%,,1.13%,7.45%,-0.99%,-6.55%,-6.21%,,-0.80%,3.59%,-0.21%
2/28/90,-6.67%,8.27%,1.58%,0.00%,3.87%,0.27%,-1.68%,-1.97%,4.16%,0.12%,0.30%,,-1.45%,-5.94%,,0.71%,0.80%,1.09%,-3.21%,0.83%,,1.66%,-4.35%,-1.35%
3/31/90,-8.55%,-10.72%,0.59%,3.84%,1.29%,-2.38%,1.11%,-6.65%,3.12%,2.06%,-4.65%,,-2.74%,-6.79%,,-1.21%,-0.24%,0.65%,-2.78%,-6.63%,,1.09%,2.14%,-0.21%
4/30/90,1.76%,0.77%,3.48%,-1.21%,-2.98%,3.73%,-3.44%,5.12%,0.65%,1.18%,-0.66%,,2.07%,14.45%,,0.15%,-7.89%,0.65%,-5.01%,3.86%,,-0.29%,-0.24%,-2.46%
5/31/90,-2.29%,2.36%,-5.77%,0.75%,-5.92%,-0.91%,-2.78%,0.67%,-3.44%,1.74%,-1.00%,,1.46%,10.94%,,-2.67%,4.33%,2.12%,-2.61%,-2.07%,,-2.80%,-5.27%,-2.01%
6/30/90,13.89%,5.95%,3.41%,2.46%,4.29%,4.05%,0.28%,4.48%,-0.97%,3.90%,4.69%,,0.04%,0.89%,,2.64%,11.44%,2.51%,1.20%,-3.90%,,3.26%,2.68%,1.33%
7/31/90,1.52%,-1.44%,1.28%,-0.95%,2.43%,7.43%,2.41%,0.76%,2.76%,1.40%,4.28%,,1.12%,5.06%,,3.67%,5.97%,2.90%,-9.36%,-1.72%,,0.66%,3.76%,0.47%
8/31/90,3.59%,-2.06%,0.65%,-1.14%,1.74%,3.54%,-2.60%,3.51%,-6.20%,2.04%,-1.07%,,0.67%,-14.67%,,-0.46%,-6.09%,4.05%,-11.90%,-4.21%,,-2.86%,4.36%,-2.07%
9/30/90,-3.00%,2.13%,6.14%,-1.65%,-0.56%,3.96%,0.58%,-0.52%,7.21%,-0.10%,-5.04%,,0.75%,11.21%,,-4.26%,-2.20%,5.10%,-4.81%,0.76%,,2.15%,2.89%,0.05%
10/31/90,-6.50%,-3.02%,3.18%,3.58%,0.22%,-0.26%,-2.43%,6.89%,1.76%,-0.50%,0.03%,,-0.43%,0.48%,,1.79%,-6.91%,-0.61%,1.04%,-2.51%,,0.14%,3.03%,-4.02%
11/30/90,4.99%,-4.60%,7.47%,3.33%,1.57%,0.64%,0.88%,5.09%,-3.83%,-1.38%,-5.60%,,0.47%,-13.42%,,-0.72%,-5.45%,1.96%,-6.47%,-13.28%,,4.69%,-0.93%,-5.12%
12/31/90,1.84%,4.00%,0.57%,3.41%,-0.58%,2.90%,1.24%,4.22%,8.06%,-1.25%,0.00%,,0.44%,1.96%,,0.24%,-9.61%,0.58%,-8.12%,-3.75%,,-0.15%,-2.55%,-1.23%
1/31/91,6.77%,-10.60%,0.33%,2.96%,-4.51%,-6.37%,8.49%,-8.52%,-1.24%,-6.40%,-5.34%,,-2.64%,0.37%,,-2.34%,-4.93%,-6.53%,4.74%,6.66%,,-4.90%,-12.85%,-6.15%
2/28/91,18.95%,-5.23%,-0.80%,-2.39%,-3.52%,-7.02%,0.88%,-8.24%,-13.18%,-1.05%,3.70%,,4.90%,-9.15%,,-3.00%,3.82%,-1.77%,-2.81%,-6.17%,,2.60%,3.89%,1.53%
3/31/91,1.71%,3.13%,-4.14%,2.91%,-1.23%,-3.20%,-1.41%,-5.97%,-2.96%,-6.03%,-5.90%,,3.08%,-4.43%,,4.61%,2.57%,-4.01%,5.01%,-17.63%,-6.76%,-2.17%,4.97%,1.43%
4/30/91,14.08%,5.62%,2.30%,0.29%,3.59%,-4.19%,0.88%,3.26%,-3.47%,1.62%,8.08%,,1.01%,-6.40%,,0.13%,4.44%,-0.85%,-2.75%,8.94%,2.82%,-0.09%,2.75%,4.91%
5/31/91,2.18%,0.23%,1.39%,1.96%,-5.37%,-0.66%,0.18%,1.38%,6.19%,-4.13%,0.49%,,0.09%,-1.70%,,-0.06%,-4.19%,-2.95%,3.05%,-7.71%,-8.40%,0.54%,-3.96%,1.13%
6/30/91,-1.23%,-3.40%,-3.24%,0.26%,-0.70%,-2.63%,1.57%,-4.26%,-2.44%,0.51%,-5.88%,,2.33%,-8.30%,,-2.60%,3.13%,-5.33%,-1.14%,-1.40%,-2.44%,2.33%,-2.02%,2.60%
7/31/91,1.22%,-7.94%,0.88%,0.78%,1.58%,0.71%,-1.11%,6.67%,-3.81%,-0.48%,-0.77%,,1.44%,12.74%,,0.90%,-6.06%,1.18%,0.31%,0.94%,2.29%,1.20%,0.23%,0.30%
8/31/91,8.01%,-1.36%,1.56%,2.03%,-1.77%,-2.29%,1.28%,-0.95%,1.39%,-2.11%,-0.35%,,5.06%,14.91%,,4.19%,-5.02%,0.55%,-5.93%,2.46%,5.82%,-0.77%,8.81%,1.32%
9/30/91,0.93%,-1.37%,2.29%,2.03%,1.25%,5.61%,5.53%,12.02%,0.95%,4.59%,10.68%,,5.28%,12.51%,,3.50%,-4.21%,5.74%,12.41%,-5.83%,2.55%,4.63%,13.29%,2.86%
10/31/91,11.86%,-14.02%,-4.96%,1.50%,-1.05%,-0.46%,-4.14%,3.69%,-8.76%,3.09%,2.63%,-22.89%,0.66%,-6.90%,,-3.08%,-2.48%,1.26%,1.70%,11.75%,-5.30%,-1.13%,-4.53%,2.16%
11/30/91,1.54%,8.62%,4.46%,2.07%,0.50%,4.72%,3.60%,7.77%,-18.11%,4.89%,5.13%,9.36%,2.16%,-13.05%,,-2.49%,1.04%,-1.21%,2.80%,-1.30%,2.21%,-1.73%,0.53%,2.63%
12/31/91,-0.70%,-2.97%,6.12%,-2.50%,2.11%,-0.99%,4.77%,1.80%,6.98%,0.02%,0.83%,-5.63%,0.12%,-18.64%,,2.30%,-4.09%,-1.17%,3.54%,0.34%,2.87%,0.87%,2.41%,-3.28%
1/31/92,0.22%,0.45%,-3.28%,1.07%,-1.62%,-7.78%,-3.75%,-3.19%,-14.46%,-5.09%,-6.43%,-34.70%,-3.39%,10.21%,,-3.66%,-2.80%,0.23%,-1.70%,3.91%,0.42%,1.65%,9.01%,5.35%
2/29/92,5.41%,0.10%,-0.94%,-2.99%,-1.46%,-0.32%,4.89%,2.66%,25.54%,-5.69%,-1.68%,7.70%,-0.59%,-9.15%,,1.44%,-1.00%,-0.22%,-1.44%,23.84%,-1.09%,0.47%,9.87%,3.87%
3/31/92,5.37%,1.44%,0.03%,0.33%,-1.50%,1.42%,0.15%,3.10%,-9.78%,2.51%,-3.39%,4.88%,7.26%,9.38%,,-3.94%,-2.87%,-1.00%,-4.81%,0.26%,0.39%,-0.69%,2.43%,2.41%
4/30/92,-8.61%,0.72%,1.95%,-1.18%,-3.31%,-3.67%,1.00%,-0.42%,-4.14%,-0.73%,-0.46%,-10.83%,4.89%,-3.66%,,-4.43%,-3.06%,1.00%,-9.45%,12.77%,1.46%,0.80%,-3.50%,-0.36%
5/31/92,7.35%,-2.20%,-0.56%,-2.18%,-2.85%,0.44%,4.59%,-2.73%,5.62%,2.57%,10.91%,3.25%,13.95%,15.20%,,-3.79%,0.61%,-2.22%,9.26%,14.96%,10.16%,-0.17%,0.72%,1.11%
6/30/92,-4.53%,2.81%,-0.41%,2.09%,-0.21%,5.54%,1.36%,7.12%,1.04%,5.08%,4.89%,-5.48%,9.69%,-18.64%,,1.84%,3.54%,7.00%,1.63%,7.84%,0.77%,2.38%,9.43%,1.66%
7/31/92,2.04%,2.40%,1.44%,2.68%,-1.40%,1.24%,-1.86%,2.34%,4.73%,2.49%,-5.50%,7.50%,-12.13%,5.94%,,4.51%,-6.37%,5.05%,0.00%,7.83%,-6.49%,1.11%,1.47%,1.32%
8/31/92,-5.43%,-4.06%,4.25%,0.91%,0.25%,3.45%,10.47%,0.27%,9.61%,4.28%,1.26%,-0.74%,-6.70%,-2.04%,,0.44%,-9.33%,4.51%,0.67%,12.92%,10.58%,-3.80%,11.59%,1.06%
9/30/92,8.24%,-5.28%,1.99%,-0.21%,1.50%,0.48%,-4.56%,-6.68%,-5.77%,-3.81%,-20.04%,6.03%,-3.64%,9.53%,,-8.61%,6.96%,-0.66%,-7.61%,12.23%,1.23%,-3.11%,3.64%,1.84%
10/31/92,4.85%,-0.92%,3.64%,1.77%,1.05%,-11.05%,-6.17%,-6.84%,-18.16%,-1.54%,-7.58%,-1.48%,-0.25%,-10.41%,,-4.27%,-2.21%,3.35%,-8.98%,-1.02%,4.67%,-0.39%,-10.25%,-0.45%
11/30/92,-0.75%,-0.92%,-1.87%,-2.64%,-1.66%,-7.62%,-3.36%,-4.21%,5.95%,-2.91%,-6.68%,-11.17%,9.04%,-2.83%,,2.41%,-5.55%,-5.17%,-15.60%,-1.81%,-8.54%,3.67%,-4.61%,-0.50%
12/31/92,2.45%,-0.16%,0.06%,0.13%,1.31%,-1.17%,0.83%,3.66%,5.88%,-1.91%,6.36%,-2.92%,12.54%,7.37%,,-1.73%,7.41%,-2.45%,-16.51%,7.86%,1.58%,1.05%,8.53%,3.42%
1/31/93,-0.09%,-2.77%,1.43%,7.16%,12.15%,-2.22%,-3.12%,-5.48%,6.91%,0.84%,10.22%,-4.92%,4.88%,4.92%,,-0.92%,-2.70%,0.23%,18.74%,-0.66%,-1.57%,3.57%,-20.70%,7.79%
2/28/93,12.19%,-7.30%,-1.40%,0.13%,-1.23%,1.10%,5.13%,0.72%,0.82%,-6.03%,0.38%,-5.16%,5.36%,-14.81%,,-4.01%,5.09%,4.50%,21.39%,-11.14%,2.45%,11.89%,-2.10%,5.84%
3/31/93,8.07%,-1.00%,4.74%,8.60%,3.67%,5.18%,-1.73%,-2.34%,-9.10%,5.93%,2.31%,-0.72%,11.10%,10.33%,,1.52%,4.28%,-5.31%,-13.59%,2.88%,-1.60%,-0.78%,1.93%,4.63%
4/30/93,-1.16%,2.78%,3.53%,3.74%,8.34%,2.92%,-0.51%,7.86%,15.94%,7.16%,4.72%,-2.48%,16.40%,13.83%,,4.34%,6.28%,4.28%,22.31%,2.21%,5.06%,1.22%,3.24%,4.87%
5/31/93,3.38%,-3.55%,-5.72%,0.73%,-0.34%,0.24%,2.65%,-7.58%,4.45%,0.18%,-0.98%,-1.00%,17.98%,9.08%,,-0.27%,14.98%,3.77%,2.33%,5.68%,-15.52%,17.12%,-0.53%,0.95%
6/30/93,-0.84%,-5.29%,-9.22%,7.16%,-2.41%,-9.71%,-6.89%,-1.51%,-13.43%,-3.24%,1.37%,-9.59%,14.86%,-12.85%,,-0.96%,-1.64%,-7.23%,2.44%,1.87%,-4.01%,-5.07%,-7.47%,3.57%
7/31/93,17.58%,1.21%,-2.23%,-2.76%,-3.40%,-3.30%,-1.69%,-0.57%,-6.12%,0.90%,0.96%,18.85%,-8.68%,24.27%,,-4.26%,-0.15%,-6.62%,12.19%,1.06%,-4.77%,5.95%,-13.34%,3.58%
8/31/93,19.01%,7.37%,1.50%,1.26%,3.53%,0.30%,1.81%,1.46%,-2.77%,4.58%,4.19%,8.06%,0.48%,7.49%,,1.48%,0.88%,-0.22%,17.37%,7.39%,-1.27%,8.37%,6.43%,2.25%
9/30/93,3.12%,1.96%,-1.84%,-0.13%,1.35%,3.49%,2.37%,7.35%,7.32%,6.43%,4.21%,-5.94%,-6.02%,0.15%,,3.49%,3.92%,2.77%,-3.03%,-2.50%,0.83%,1.72%,6.82%,3.09%
10/31/93,10.24%,-2.56%,2.03%,-0.70%,-0.30%,-7.93%,3.79%,1.18%,8.59%,-0.71%,2.99%,-2.12%,-0.65%,3.01%,,0.96%,-2.44%,-0.07%,6.29%,-1.62%,1.18%,10.69%,-15.17%,3.27%
11/30/93,-3.40%,-1.47%,0.71%,-6.16%,8.08%,-0.39%,2.61%,-1.17%,13.36%,-0.67%,-0.99%,10.06%,0.04%,24.13%,,4.35%,0.36%,-0.16%,4.72%,-0.05%,1.73%,7.60%,-3.33%,-3.48%
12/31/93,8.80%,-5.44%,5.42%,1.06%,-1.87%,-1.69%,1.20%,3.36%,6.38%,0.00%,2.87%,11.11%,-1.87%,-2.85%,,4.01%,-3.95%,-0.11%,-1.94%,22.79%,-3.24%,30.23%,2.03%,1.29%
1/31/94,21.63%,4.86%,2.47%,-0.58%,-1.99%,5.74%,2.79%,-0.25%,20.14%,8.58%,10.02%,20.36%,-2.17%,-2.65%,,-3.14%,-3.01%,-0.19%,11.81%,-2.04%,-3.26%,-3.34%,8.47%,3.50%
2/28/94,12.29%,0.82%,6.99%,-1.91%,0.82%,3.07%,-4.68%,0.25%,1.53%,6.46%,1.98%,-19.11%,0.73%,-2.66%,,6.87%,3.77%,1.47%,1.54%,6.40%,-8.01%,5.56%,8.22%,-1.24%
3/31/94,-4.39%,0.99%,1.04%,-2.44%,-5.42%,0.52%,-0.42%,2.61%,-3.93%,1.76%,-1.20%,10.27%,-6.34%,-2.02%,,0.37%,1.64%,4.58%,0.05%,-13.18%,3.90%,-4.58%,0.01%,-0.81%
4/30/94,-3.32%,-1.65%,-6.99%,0.64%,-0.33%,1.16%,-3.98%,0.87%,7.56%,0.06%,1.71%,-3.30%,-0.69%,1.45%,,-2.34%,1.74%,0.09%,-3.40%,-1.86%,-1.08%,-2.21%,3.84%,-1.26%
5/31/94,-2.98%,0.04%,-0.55%,-2.67%,4.55%,2.10%,-2.15%,2.62%,-2.86%,-0.86%,2.10%,-5.41%,-3.30%,-2.37%,,-0.61%,-0.98%,4.81%,-3.62%,-3.99%,-5.66%,2.01%,3.32%,0.90%
6/30/94,0.96%,0.96%,1.26%,-2.18%,1.65%,2.21%,-1.68%,1.49%,-4.68%,1.37%,-1.36%,-1.36%,-1.40%,-2.17%,,0.97%,5.59%,2.75%,-5.70%,-0.40%,-6.83%,-0.74%,-4.81%,1.51%
7/31/94,2.18%,2.46%,0.42%,-2.28%,-0.56%,-2.66%,-2.52%,1.20%,2.46%,-2.86%,-2.79%,6.89%,-6.83%,-7.70%,,-3.49%,0.61%,-3.16%,-3.43%,-1.73%,2.08%,-0.95%,0.83%,-0.75%
8/31/94,-2.02%,-3.67%,1.30%,-3.11%,1.08%,1.83%,7.60%,0.04%,-2.77%,3.51%,1.50%,3.22%,-1.84%,-0.56%,,1.30%,-1.43%,1.13%,6.25%,-7.29%,1.15%,3.70%,4.20%,-2.29%
9/30/94,5.83%,2.01%,0.73%,-1.29%,-0.50%,1.20%,2.17%,6.38%,-2.38%,2.86%,3.81%,1.16%,6.19%,7.07%,,1.67%,-0.50%,2.41%,-0.91%,0.95%,2.68%,-1.32%,-2.28%,3.83%
10/31/94,-5.24%,1.99%,-1.29%,-0.84%,-1.38%,0.89%,-1.43%,-0.19%,-2.46%,-2.17%,-4.62%,-2.08%,-4.90%,-4.52%,,1.22%,-0.65%,1.32%,3.09%,-0.39%,-1.59%,2.73%,3.98%,-2.01%
11/30/94,1.18%,-2.33%,-3.09%,-2.22%,-2.15%,-5.48%,-5.91%,-8.56%,-3.33%,-8.92%,-4.75%,2.41%,-0.81%,-4.22%,,-1.48%,-0.11%,-1.82%,-4.34%,12.48%,-3.43%,-2.18%,0.02%,-3.89%
12/31/94,0.67%,-2.26%,1.30%,-0.69%,2.66%,-0.97%,0.65%,-0.25%,2.02%,5.13%,-2.28%,-5.05%,-0.76%,-4.18%,,2.79%,-1.36%,0.95%,11.34%,3.59%,-1.29%,-0.18%,5.41%,-3.05%
1/31/95,-2.67%,2.15%,1.55%,-1.14%,0.04%,1.03%,2.47%,-0.63%,-3.37%,2.84%,2.82%,-0.50%,-5.26%,3.21%,,-0.66%,-3.01%,4.15%,8.29%,-1.48%,-2.93%,-6.14%,4.57%,1.29%
2/28/95,-2.51%,0.23%,2.07%,-1.00%,-2.09%,0.54%,4.57%,-5.40%,-1.60%,-1.53%,-4.49%,9.84%,-13.77%,-6.17%,,-0.49%,0.48%,7.92%,0.00%,-3.42%,-1.96%,-0.19%,4.99%,1.34%
3/31/95,-1.44%,5.67%,4.52%,4.07%,4.68%,5.56%,1.28%,0.05%,3.92%,1.10%,-0.35%,5.45%,-3.74%,-13.55%,,3.11%,3.52%,5.87%,0.72%,11.07%,1.11%,2.38%,-2.43%,1.22%
4/30/95,-0.10%,-5.08%,2.07%,3.54%,0.54%,-0.01%,-2.99%,-3.86%,-1.83%,-2.42%,2.02%,-8.08%,0.72%,-2.72%,,-1.13%,-0.11%,-5.35%,7.67%,2.15%,23.93%,-1.04%,-1.47%,1.31%
5/31/95,3.33%,-4.53%,-1.30%,-1.04%,1.73%,-3.16%,-0.36%,-2.27%,-0.24%,0.48%,3.77%,-15.77%,-2.98%,3.27%,,-1.37%,0.01%,0.07%,4.60%,-0.82%,16.98%,-1.89%,-0.72%,1.43%
6/30/95,-2.54%,-0.17%,2.35%,-2.69%,0.47%,2.20%,1.93%,1.93%,-19.50%,2.86%,1.96%,-5.34%,-1.72%,2.68%,,4.85%,-2.04%,1.37%,-1.96%,-1.24%,-1.84%,2.05%,-1.35%,1.84%
7/31/95,-0.12%,-1.02%,1.05%,1.26%,-0.97%,1.14%,0.79%,0.58%,4.94%,0.12%,-0.10%,0.48%,2.41%,5.08%,,-1.00%,-5.34%,-2.50%,3.45%,4.37%,11.48%,3.70%,-0.80%,1.59%
8/31/95,9.08%,-2.02%,0.39%,4.29%,-3.81%,-8.24%,-0.71%,-2.42%,6.08%,-1.25%,3.24%,0.96%,-1.11%,1.50%,,-0.34%,-4.58%,3.66%,4.72%,-1.02%,-1.69%,2.96%,1.85%,3.44%
9/30/95,2.86%,0.63%,7.91%,1.23%,-0.12%,4.20%,-1.96%,-2.22%,0.12%,4.37%,1.90%,17.26%,0.91%,-3.19%,,3.65%,0.34%,7.23%,4.41%,-4.67%,-0.81%,3.79%,2.87%,3.19%
10/31/95,0.88%,4.48%,1.74%,-0.05%,0.15%,5.80%,-0.91%,2.96%,4.05%,-3.41%,-1.91%,9.92%,-5.94%,4.10%,,4.15%,-0.95%,1.41%,-2.06%,-1.05%,-1.71%,-0.70%,3.27%,-0.38%
11/30/95,-1.77%,-0.72%,0.41%,0.87%,-1.48%,-0.10%,-3.50%,-4.72%,-1.57%,-5.97%,-1.77%,6.38%,0.28%,-5.94%,,2.82%,-1.89%,-4.17%,5.75%,7.14%,-6.87%,-5.44%,-4.01%,-1.04%
12/31/95,0.01%,-5.66%,-1.80%,2.26%,3.21%,0.29%,3.86%,-1.86%,4.99%,1.05%,-1.01%,1.40%,-0.68%,-6.80%,,-4.86%,2.71%,-1.23%,0.23%,-0.32%,5.07%,-4.37%,-0.47%,2.25%
1/31/96,8.12%,-1.61%,7.01%,-2.02%,-2.36%,-5.74%,-10.81%,-3.28%,2.06%,-1.48%,-1.52%,12.72%,-4.30%,1.78%,,-4.13%,-0.64%,3.34%,-0.93%,8.22%,-11.40%,1.38%,-4.30%,4.41%
2/29/96,3.71%,3.25%,-2.19%,3.38%,1.40%,3.06%,1.22%,-1.16%,6.75%,4.29%,5.13%,-3.76%,2.09%,1.29%,,4.12%,0.69%,1.31%,9.78%,-1.87%,2.38%,4.43%,-5.52%,0.82%
3/31/96,2.97%,-2.12%,2.33%,-0.98%,-0.43%,-2.92%,2.51%,-1.00%,-7.06%,2.53%,1.43%,-8.72%,0.96%,0.55%,,5.62%,-2.93%,-0.58%,-6.97%,0.91%,-0.82%,1.26%,3.22%,2.60%
4/30/96,5.59%,-1.36%,0.39%,0.56%,-1.11%,1.47%,0.34%,-0.96%,-4.97%,-0.58%,5.27%,-0.54%,-2.65%,1.04%,,-6.78%,9.10%,-1.61%,-4.46%,-0.24%,16.23%,1.00%,0.58%,0.10%
5/31/96,14.44%,-3.63%,5.61%,0.64%,-6.73%,-4.94%,1.43%,-0.41%,13.50%,2.89%,4.57%,1.83%,1.60%,9.02%,,-1.93%,-1.07%,1.96%,-1.28%,-5.99%,1.14%,0.21%,5.14%,3.74%
6/30/96,-0.84%,2.33%,4.34%,3.76%,22.99%,1.19%,-3.21%,3.36%,8.98%,-0.03%,2.36%,3.50%,-0.83%,7.47%,,3.52%,-0.43%,0.94%,4.93%,0.80%,9.53%,-0.78%,3.91%,3.40%
7/31/96,0.29%,6.63%,2.78%,0.13%,4.51%,1.35%,-0.33%,1.72%,0.61%,0.41%,-2.39%,2.99%,3.64%,7.37%,,3.59%,2.22%,7.06%,13.72%,5.89%,3.75%,-0.78%,2.68%,-0.13%
8/31/96,1.79%,1.34%,0.05%,-0.79%,-6.39%,-3.11%,3.93%,0.04%,3.81%,-1.23%,2.05%,-6.45%,0.77%,-7.89%,,3.17%,-2.69%,7.61%,0.98%,6.49%,-2.66%,-0.78%,-0.94%,1.07%
9/30/96,1.71%,-3.35%,-4.62%,1.06%,-3.19%,-0.39%,-5.79%,-1.14%,-0.92%,-4.49%,0.63%,-3.37%,7.49%,-2.35%,,0.97%,-2.62%,-0.96%,-0.72%,7.67%,1.47%,-0.04%,3.04%,1.31%
10/31/96,5.07%,-0.12%,0.89%,3.79%,6.27%,-0.22%,6.61%,5.83%,7.03%,0.34%,1.90%,-3.66%,9.09%,-1.75%,,4.13%,-1.26%,5.93%,3.23%,0.96%,9.75%,-0.96%,7.05%,3.27%
11/30/96,6.20%,-2.14%,-6.41%,2.93%,-4.03%,-2.36%,-2.90%,-2.65%,-0.56%,-3.22%,2.58%,-0.79%,4.04%,-5.79%,,-11.25%,-0.55%,-1.97%,6.09%,6.93%,1.95%,-0.42%,4.03%,0.89%
12/31/96,-2.30%,-0.34%,0.05%,0.78%,0.77%,0.61%,-4.12%,7.91%,4.73%,3.17%,-2.64%,-4.28%,-3.81%,-7.61%,,1.77%,-1.14%,-0.51%,2.18%,-1.02%,-2.03%,-0.13%,3.40%,2.45%
1/31/97,2.82%,-8.38%,-0.38%,4.12%,-0.46%,-6.07%,-0.48%,-1.25%,1.79%,-1.92%,2.46%,-1.18%,0.81%,12.38%,,-7.18%,-5.23%,1.48%,11.72%,5.72%,-6.81%,-1.64%,1.49%,3.97%
2/28/97,6.32%,-6.63%,-2.63%,-1.89%,-1.08%,-4.08%,-1.19%,0.54%,0.41%,4.85%,3.34%,-12.97%,5.47%,8.78%,,4.15%,-0.90%,1.19%,-2.85%,4.42%,6.53%,0.32%,-2.94%,5.87%
3/31/97,3.24%,-2.62%,-4.78%,1.20%,4.18%,-2.76%,0.67%,3.68%,1.48%,0.19%,-1.72%,-5.78%,7.97%,-3.68%,,0.57%,-1.49%,5.80%,-7.49%,3.27%,2.96%,-0.30%,-4.61%,2.97%
4/30/97,4.00%,-0.78%,1.37%,-0.56%,-1.13%,0.79%,-5.59%,-0.07%,-2.88%,-0.85%,-0.28%,-14.24%,3.29%,23.07%,,-1.28%,-2.45%,-2.43%,-8.86%,-0.69%,-5.46%,0.02%,-0.44%,-1.46%
5/31/97,-2.08%,-0.13%,-0.06%,0.95%,1.59%,3.79%,4.15%,10.66%,-4.52%,1.08%,-1.09%,5.44%,7.90%,-3.81%,,6.29%,5.37%,0.81%,-2.01%,-1.14%,-0.57%,-1.23%,4.22%,-1.74%
6/30/97,1.67%,-5.54%,-3.12%,4.47%,-0.80%,-0.89%,-2.14%,0.45%,-1.75%,-7.17%,-0.27%,-4.14%,0.28%,8.91%,,-2.12%,3.43%,1.44%,-5.72%,1.51%,-8.02%,2.30%,-5.20%,5.76%
7/31/97,5.66%,-11.85%,-2.85%,0.99%,-3.12%,-7.39%,-7.37%,-0.39%,-5.51%,-8.46%,-5.01%,-8.58%,7.50%,-3.65%,,-6.57%,1.80%,-8.50%,-3.79%,6.73%,8.95%,-0.30%,0.54%,0.92%
8/31/97,1.59%,6.48%,3.78%,0.99%,2.58%,6.85%,2.56%,3.02%,-2.43%,5.99%,-1.18%,1.22%,-4.26%,6.93%,,5.17%,-3.35%,6.45%,-2.63%,-1.05%,7.07%,2.25%,4.50%,2.16%
9/30/97,-3.26%,-4.06%,-0.17%,1.49%,-2.79%,2.31%,-0.27%,-0.50%,-0.59%,-1.90%,-0.64%,-14.91%,6.18%,4.09%,,7.74%,1.09%,-5.11%,-4.32%,-5.85%,-8.89%,-2.21%,3.48%,8.25%
10/31/97,-2.41%,1.94%,6.88%,5.44%,3.38%,4.98%,1.77%,-0.74%,2.42%,1.94%,4.32%,19.07%,-6.91%,9.17%,,9.62%,-10.57%,3.50%,0.65%,-3.67%,5.36%,-0.54%,2.38%,4.62%
11/30/97,5.30%,3.61%,-7.67%,2.12%,-3.97%,-3.33%,-1.20%,-5.56%,-3.69%,-6.37%,-0.91%,1.23%,0.50%,-5.29%,,-1.26%,-2.58%,-4.35%,-4.32%,0.78%,5.54%,-2.19%,-2.14%,1.66%
12/31/97,-6.26%,-3.07%,-0.48%,0.77%,-4.82%,-5.59%,-10.74%,3.07%,4.92%,-7.92%,-2.67%,-0.14%,-2.57%,-0.70%,,-1.87%,1.88%,-6.07%,-0.78%,-5.57%,-6.23%,1.92%,-0.83%,6.70%
1/31/98,-0.41%,-4.72%,-1.35%,-4.38%,3.34%,-3.37%,-3.60%,7.94%,9.31%,5.00%,-0.32%,1.55%,-2.05%,0.31%,,7.83%,-9.10%,-2.45%,1.49%,1.97%,3.81%,-12.44%,-5.38%,-1.36%
2/28/98,9.70%,0.99%,-0.61%,7.86%,1.92%,2.51%,7.42%,4.65%,6.48%,-1.22%,0.04%,3.79%,-31.37%,2.36%,-4.99%,22.55%,-8.76%,-2.67%,0.81%,3.78%,-10.71%,-12.35%,6.12%,0.09%
3/31/98,1.52%,-3.91%,-0.30%,3.04%,-1.55%,0.18%,-8.28%,21.41%,-2.87%,0.69%,6.23%,-7.89%,3.24%,-4.11%,-2.30%,12.53%,-0.26%,5.26%,-6.29%,-6.64%,51.62%,1.38%,-2.04%,3.72%
4/30/98,-7.48%,0.32%,-1.27%,-1.96%,-1.15%,3.16%,6.73%,15.78%,2.70%,9.46%,0.88%,-1.92%,5.50%,8.72%,-0.90%,-2.45%,0.51%,10.74%,5.43%,-2.79%,6.35%,2.88%,1.39%,3.17%
5/31/98,1.84%,6.55%,0.89%,1.98%,2.60%,-0.32%,-1.53%,1.95%,1.78%,1.79%,5.56%,24.47%,6.08%,5.60%,-0.67%,-1.14%,-4.10%,2.43%,-3.25%,-3.08%,-8.30%,1.48%,2.04%,1.69%
6/30/98,-1.84%,4.23%,-4.95%,-2.17%,-1.85%,4.17%,-6.27%,1.99%,0.08%,-3.60%,0.56%,10.83%,-1.87%,-1.86%,0.74%,-7.03%,-5.10%,-2.43%,4.67%,-6.38%,8.41%,-2.82%,1.44%,-1.18%
7/31/98,-4.85%,4.55%,3.29%,-0.25%,-5.57%,7.22%,-0.68%,-2.04%,3.64%,5.19%,-7.66%,-11.08%,2.97%,-5.35%,6.82%,-0.55%,1.13%,0.96%,0.89%,-9.60%,-8.25%,-2.71%,6.83%,-0.20%
8/31/98,-1.03%,17.47%,-1.16%,-7.08%,9.35%,11.18%,1.61%,1.99%,4.47%,6.21%,-3.52%,18.87%,-3.18%,-8.19%,-1.09%,0.11%,1.27%,1.39%,-1.44%,3.74%,3.33%,-4.25%,-1.95%,-0.86%
9/30/98,-4.74%,12.83%,-1.34%,-13.04%,13.29%,11.66%,-1.17%,-4.13%,8.82%,5.58%,-2.50%,-5.79%,-20.55%,2.88%,2.78%,3.25%,5.34%,5.08%,-4.93%,-1.72%,14.19%,-15.12%,1.84%,-3.72%
10/31/98,-1.74%,-11.84%,-3.21%,-0.19%,-13.28%,-0.70%,-5.38%,-3.81%,-2.49%,-7.16%,-12.85%,-1.55%,-17.00%,-6.57%,-7.61%,-6.00%,2.17%,-4.44%,-14.69%,-7.48%,-16.69%,-0.38%,-8.89%,-8.76%
11/30/98,3.58%,-2.17%,0.11%,2.67%,1.97%,2.87%,-2.38%,3.07%,-17.17%,-3.52%,-3.62%,2.15%,7.41%,-8.11%,-5.14%,1.83%,-7.19%,-1.97%,3.41%,6.29%,-14.40%,-1.64%,-3.18%,-3.62%
12/31/98,1.94%,1.83%,-12.90%,2.84%,6.82%,3.78%,-7.81%,-2.43%,-4.55%,0.75%,2.03%,11.61%,-0.10%,-12.02%,1.67%,-0.89%,15.04%,-2.85%,-8.75%,6.22%,-3.65%,1.34%,4.84%,-2.82%
1/31/99,0.15%,-4.98%,-0.27%,0.99%,-0.76%,0.84%,4.81%,-1.33%,0.39%,-3.16%,-0.08%,17.29%,2.14%,-12.08%,3.17%,1.13%,-3.48%,-5.21%,1.60%,3.13%,-3.34%,3.67%,-7.92%,-3.64%
2/28/99,1.02%,-3.86%,1.84%,2.94%,-2.56%,1.69%,0.44%,-2.14%,-3.02%,-2.55%,-2.63%,32.75%,-8.19%,-8.33%,0.96%,-0.89%,6.16%,-0.60%,1.98%,-6.96%,12.45%,-3.47%,1.09%,1.18%
3/31/99,4.29%,0.67%,-3.91%,-6.42%,4.05%,3.92%,-1.76%,0.62%,-8.89%,-3.69%,2.00%,-1.63%,-1.69%,4.10%,6.72%,-6.08%,2.69%,4.00%,-6.76%,6.00%,0.62%,0.18%,-7.52%,-7.28%
4/30/99,2.11%,-11.61%,-4.09%,-0.04%,3.98%,-10.46%,-5.37%,-2.21%,-1.28%,-5.03%,1.99%,21.91%,0.45%,10.45%,8.25%,7.47%,-0.45%,-3.22%,-3.79%,-1.24%,4.41%,1.13%,0.01%,-0.38%
5/31/99,-2.19%,5.03%,2.51%,4.53%,21.07%,1.35%,4.21%,0.21%,0.99%,1.76%,7.66%,39.14%,26.07%,-1.04%,-0.10%,-1.07%,-0.78%,0.48%,15.32%,4.48%,-9.23%,12.67%,8.09%,3.57%
6/30/99,-2.51%,-9.92%,8.21%,-0.13%,-0.13%,-2.24%,-3.47%,-0.56%,-4.83%,0.34%,1.30%,38.65%,-10.57%,-0.88%,3.29%,2.00%,9.32%,3.29%,-5.64%,2.48%,0.00%,18.57%,-4.83%,-1.38%
7/31/99,-0.80%,0.19%,7.23%,-1.15%,6.92%,5.86%,4.15%,4.47%,1.51%,6.26%,5.35%,29.45%,12.27%,8.44%,18.98%,11.99%,10.08%,7.38%,-1.58%,18.05%,0.92%,-6.37%,-0.66%,0.12%
8/31/99,0.70%,-5.11%,-5.07%,-1.52%,1.93%,-2.20%,-4.22%,-3.37%,-3.48%,-3.87%,2.79%,28.06%,-1.97%,29.54%,-6.37%,3.42%,4.03%,-6.68%,-6.81%,0.86%,17.40%,1.46%,-1.85%,-2.58%
9/30/99,-1.02%,3.02%,6.12%,-4.59%,1.41%,8.85%,-5.76%,3.85%,1.74%,3.52%,5.76%,-4.84%,1.05%,10.65%,-2.16%,-0.74%,4.73%,1.82%,1.56%,5.12%,0.44%,5.08%,1.16%,-4.29%
10/31/99,1.14%,-2.77%,-2.92%,1.32%,-1.88%,-1.05%,-2.33%,-3.61%,-6.65%,0.48%,-1.95%,35.58%,5.33%,-0.13%,-4.85%,0.48%,-2.27%,-2.06%,-4.15%,-5.93%,-6.46%,2.46%,2.02%,-2.74%
11/30/99,-3.11%,-0.58%,-4.08%,-0.97%,-4.51%,3.40%,-4.85%,-8.92%,-5.05%,-4.59%,-0.28%,5.61%,10.71%,-4.04%,11.57%,0.02%,-1.94%,-6.58%,-3.99%,2.26%,-12.46%,1.23%,-2.62%,-12.03%
12/31/99,2.62%,-6.18%,-3.76%,4.06%,-1.12%,-2.73%,-4.41%,-5.35%,-9.78%,1.45%,-1.60%,-6.71%,1.77%,-2.52%,9.97%,-7.83%,0.09%,-5.30%,-0.20%,25.79%,-2.37%,3.79%,-4.56%,-12.28%
1/31/00,-5.88%,-9.64%,2.83%,-9.85%,4.20%,-3.46%,7.66%,2.31%,8.55%,14.71%,16.21%,0.02%,31.40%,9.78%,8.15%,4.68%,-6.52%,5.58%,-0.12%,4.23%,14.10%,-0.52%,6.57%,2.62%
2/29/00,-1.74%,-3.74%,-6.71%,-9.06%,-2.58%,-4.31%,4.78%,-5.40%,3.41%,-7.07%,-8.98%,-3.39%,26.72%,-0.16%,28.50%,7.88%,-3.71%,-3.69%,-0.20%,-1.68%,13.21%,-0.78%,-3.76%,-8.08%
3/31/00,-3.21%,-6.19%,-0.79%,0.08%,-4.68%,-1.00%,3.74%,1.99%,-0.99%,8.48%,2.77%,-6.84%,5.45%,5.90%,-5.28%,11.79%,0.42%,6.76%,-6.27%,-3.06%,-1.16%,2.78%,7.51%,2.67%
4/30/00,3.19%,1.16%,-1.54%,2.12%,1.14%,-2.92%,-3.31%,3.97%,5.41%,-3.81%,-1.68%,-4.48%,-6.33%,-1.78%,2.98%,-3.50%,-0.89%,-3.30%,0.57%,-5.83%,-3.27%,6.70%,-0.26%,3.57%
5/31/00,1.55%,1.77%,-0.82%,8.20%,0.25%,6.38%,1.61%,1.13%,11.95%,12.92%,-0.64%,-10.54%,0.41%,-4.29%,-3.65%,-1.05%,-1.00%,2.90%,-0.91%,-8.58%,-0.93%,0.63%,4.67%,3.08%
6/30/00,0.11%,1.83%,7.16%,-0.58%,3.74%,7.95%,7.02%,5.29%,3.19%,9.88%,6.20%,2.93%,2.98%,-1.63%,-7.77%,4.60%,-2.38%,1.56%,5.20%,7.28%,5.66%,-1.07%,10.63%,-10.18%
7/31/00,1.73%,1.82%,-7.10%,0.94%,-0.92%,-8.19%,-1.22%,-3.80%,-2.61%,-3.61%,3.31%,-2.59%,-3.71%,8.65%,3.29%,-1.34%,6.63%,0.07%,-0.34%,-5.85%,-2.82%,-1.12%,-2.25%,3.96%
8/31/00,2.91%,-1.16%,-1.23%,-2.59%,-3.71%,-8.38%,-2.99%,-6.93%,-4.34%,-5.33%,-6.25%,-1.06%,3.70%,-3.65%,-4.04%,2.33%,-5.17%,-2.86%,7.61%,2.17%,-13.86%,2.95%,5.12%,-6.71%
9/30/00,1.72%,-6.84%,0.44%,-0.10%,3.59%,1.69%,-3.54%,3.92%,-3.77%,3.79%,3.66%,0.08%,0.83%,-1.28%,-0.31%,1.14%,0.32%,-2.94%,-4.04%,-2.76%,-2.04%,3.10%,8.93%,5.68%
10/31/00,1.26%,-0.46%,-5.10%,0.16%,-4.60%,-5.50%,2.18%,-8.23%,5.01%,-4.10%,-1.17%,0.87%,1.43%,2.71%,-1.00%,-4.90%,0.56%,-5.33%,-3.21%,3.41%,3.51%,2.09%,9.05%,2.00%
11/30/00,-1.47%,-2.45%,5.42%,8.83%,0.68%,9.42%,9.64%,5.43%,5.54%,10.24%,5.84%,5.42%,4.50%,-3.96%,2.09%,3.33%,-5.53%,10.27%,7.70%,4.81%,-4.37%,1.87%,15.36%,11.59%
12/31/00,4.36%,11.29%,7.31%,7.81%,9.00%,8.89%,5.55%,6.20%,4.34%,5.25%,6.09%,8.24%,-1.19%,-1.58%,6.36%,8.55%,3.55%,10.07%,0.13%,1.08%,17.62%,0.22%,8.58%,1.25%
1/31/01,-1.87%,-5.17%,-2.13%,-13.11%,2.59%,-5.56%,-9.95%,0.39%,5.74%,3.41%,-0.92%,-1.29%,-1.40%,-13.34%,1.42%,-0.25%,-5.12%,2.85%,-8.40%,-1.75%,-7.54%,-1.31%,-14.72%,-13.55%
2/28/01,0.18%,-12.47%,-7.00%,5.15%,0.85%,5.68%,8.35%,0.20%,14.48%,5.88%,5.98%,-11.22%,-1.59%,-3.17%,3.91%,3.35%,2.01%,2.41%,-3.13%,3.51%,0.88%,5.16%,18.49%,12.94%
3/31/01,-0.94%,-2.98%,3.35%,6.93%,0.52%,4.56%,10.60%,-1.55%,-9.87%,5.93%,1.32%,-8.79%,0.36%,-11.86%,9.44%,-1.62%,-4.24%,2.00%,-1.05%,5.88%,-3.24%,5.00%,6.09%,8.65%
4/30/01,0.85%,0.43%,1.06%,3.35%,-4.21%,-1.26%,4.07%,-0.38%,-7.63%,-4.33%,-3.44%,4.44%,-9.19%,-6.90%,-8.21%,-1.34%,-5.46%,2.67%,-1.72%,11.30%,-2.80%,-1.27%,1.49%,-5.39%
5/31/01,2.82%,0.18%,-0.29%,9.68%,1.41%,-3.18%,-1.00%,2.39%,-4.27%,-0.24%,4.92%,-0.88%,1.66%,-13.05%,-0.98%,2.38%,9.72%,3.11%,-2.83%,-4.44%,37.09%,2.20%,4.61%,6.67%
6/30/01,-0.87%,6.06%,-1.20%,2.51%,5.65%,8.46%,3.62%,3.94%,13.08%,8.47%,8.02%,-1.21%,5.36%,-7.43%,1.69%,1.67%,-1.61%,5.35%,-3.73%,5.42%,3.57%,1.56%,16.49%,4.59%
7/31/01,3.94%,-3.48%,3.86%,3.92%,7.70%,13.03%,0.37%,6.23%,7.80%,5.35%,3.56%,5.02%,5.50%,12.65%,1.51%,-0.66%,7.70%,3.84%,1.58%,4.08%,-1.83%,1.95%,7.58%,6.83%
8/31/01,8.64%,8.19%,2.18%,2.23%,3.45%,10.79%,14.79%,3.13%,14.83%,7.94%,4.12%,3.20%,3.09%,-0.66%,-3.43%,5.87%,4.00%,3.68%,8.22%,7.71%,11.66%,1.97%,15.58%,5.13%
9/30/01,-6.78%,8.94%,-2.31%,-4.53%,6.75%,6.73%,3.13%,9.34%,8.27%,5.63%,-0.67%,3.29%,0.98%,-5.95%,0.10%,-1.13%,3.69%,2.74%,4.12%,1.86%,0.77%,-1.96%,3.31%,6.13%
10/31/01,0.32%,4.50%,4.21%,1.24%,-4.84%,-9.49%,-11.19%,-6.60%,-17.97%,-6.30%,-5.95%,2.51%,-11.80%,-24.53%,-0.50%,-4.47%,-5.47%,-3.20%,-3.96%,8.32%,-6.54%,-0.37%,-4.78%,-7.95%
11/30/01,6.83%,-9.21%,-2.49%,-4.73%,-12.36%,-14.02%,1.43%,-3.10%,3.35%,-6.37%,-6.32%,-7.31%,9.90%,-11.85%,-0.73%,-2.28%,-0.44%,-10.18%,-8.74%,0.48%,-2.08%,3.87%,-11.73%,-6.85%
12/31/01,3.14%,2.66%,7.69%,7.70%,0.09%,7.98%,-3.90%,4.42%,8.85%,-1.74%,5.30%,7.05%,6.75%,-5.22%,7.03%,-1.82%,1.03%,4.14%,2.15%,0.63%,2.25%,-0.33%,8.83%,-2.23%
1/31/02,1.42%,-7.43%,-5.31%,4.37%,-0.20%,-7.19%,3.81%,-1.08%,2.38%,-1.19%,5.30%,-10.10%,3.61%,1.45%,-3.53%,-4.81%,-3.54%,-2.18%,5.03%,2.00%,-2.82%,-1.95%,8.08%,3.77%
2/28/02,5.07%,8.11%,7.59%,4.48%,0.55%,6.10%,3.49%,5.82%,13.80%,0.41%,9.32%,4.15%,3.24%,-0.65%,1.26%,-0.23%,-7.66%,5.41%,6.51%,0.94%,4.20%,3.87%,13.75%,8.93%
3/31/02,2.58%,2.57%,4.68%,7.35%,-3.48%,2.49%,-0.66%,2.27%,-4.11%,-0.69%,-0.67%,1.66%,1.70%,-3.77%,0.25%,2.78%,1.37%,-2.50%,1.97%,6.89%,-4.97%,1.40%,7.09%,0.78%
4/30/02,0.00%,7.87%,10.66%,9.97%,7.20%,17.21%,3.83%,7.24%,10.26%,10.62%,8.42%,0.55%,5.28%,19.71%,-1.07%,5.69%,0.66%,10.45%,12.14%,2.97%,3.42%,7.72%,18.58%,10.07%
5/31/02,5.52%,-3.57%,3.48%,17.21%,4.54%,11.32%,7.60%,7.27%,11.41%,12.71%,4.72%,0.67%,6.30%,7.27%,-2.75%,11.49%,1.93%,15.82%,15.04%,2.17%,3.92%,2.79%,17.41%,7.64%
6/30/02,2.94%,12.71%,4.75%,1.18%,10.17%,15.22%,10.52%,6.98%,4.79%,12.36%,9.54%,4.82%,0.15%,8.59%,0.99%,5.85%,8.78%,7.23%,10.92%,-2.62%,5.93%,4.28%,7.50%,8.11%
7/31/02,-1.12%,13.54%,-1.02%,-8.44%,6.55%,5.68%,8.33%,6.97%,13.55%,7.77%,0.39%,1.62%,1.19%,-5.10%,-5.68%,4.39%,3.41%,6.67%,-0.91%,-0.28%,3.69%,2.56%,-9.34%,0.39%
8/31/02,2.16%,3.36%,9.63%,2.25%,2.48%,-2.49%,-1.79%,0.22%,-2.76%,0.52%,0.62%,2.75%,-6.47%,19.80%,-3.40%,-2.39%,1.40%,-3.14%,7.29%,-0.26%,-0.09%,3.25%,10.33%,1.48%
9/30/02,5.53%,5.69%,9.49%,0.71%,12.18%,14.19%,6.25%,8.19%,8.10%,16.59%,7.67%,2.66%,3.39%,-14.05%,5.00%,10.30%,-2.23%,8.78%,3.20%,-0.98%,2.42%,1.69%,8.87%,5.39%
10/31/02,0.36%,24.35%,-9.43%,-3.46%,-6.76%,-21.48%,-1.71%,-13.24%,-5.28%,-16.85%,-10.46%,2.16%,-3.45%,-19.46%,0.10%,-6.03%,2.26%,-11.12%,1.92%,4.64%,-2.84%,-3.45%,-17.03%,-5.20%
11/30/02,4.48%,9.74%,-2.72%,3.03%,-10.82%,3.34%,-2.39%,-2.52%,-6.64%,-10.73%,-5.78%,-2.33%,-1.79%,-19.35%,7.49%,-2.69%,-5.93%,0.24%,-6.79%,4.15%,3.65%,2.65%,-20.61%,-15.45%
12/31/02,0.28%,4.24%,9.94%,9.83%,18.93%,14.10%,10.62%,19.69%,16.99%,24.39%,8.10%,10.54%,5.01%,9.92%,4.94%,14.60%,7.65%,12.93%,4.13%,6.21%,7.30%,3.19%,23.35%,9.45%
1/31/03,5.75%,0.82%,16.01%,9.54%,7.77%,7.81%,19.32%,0.09%,2.29%,2.20%,1.49%,4.15%,-1.38%,-2.49%,2.51%,4.34%,1.06%,8.73%,9.10%,4.38%,-8.24%,2.97%,-1.47%,3.35%
2/28/03,5.47%,4.73%,8.01%,5.54%,5.54%,4.03%,5.85%,4.79%,-2.97%,7.92%,-1.79%,3.71%,2.15%,-4.28%,-0.82%,2.17%,-2.01%,8.51%,-1.84%,4.58%,3.66%,1.41%,3.69%,2.24%
3/31/03,-1.25%,-3.55%,5.42%,3.17%,5.26%,5.16%,0.85%,3.57%,1.18%,1.84%,0.91%,1.63%,-1.19%,-0.73%,6.80%,2.19%,1.52%,-19.17%,1.68%,-3.08%,-6.38%,-1.69%,3.37%,1.49%
4/30/03,0.43%,1.19%,-4.77%,0.99%,-12.25%,-12.48%,-1.66%,-4.93%,-7.05%,-7.47%,-8.27%,-18.48%,0.07%,-4.27%,-1.41%,-4.06%,-2.85%,-18.27%,-1.83%,4.32%,1.81%,2.73%,6.25%,-3.57%
5/31/03,8.31%,16.64%,7.04%,8.70%,5.24%,0.88%,9.46%,2.88%,9.88%,0.69%,1.53%,1.11%,-4.60%,20.29%,9.61%,7.37%,-4.30%,0.10%,5.01%,4.55%,0.08%,-10.69%,1.18%,-3.61%
6/30/03,3.00%,-1.91%,-4.24%,4.41%,-4.97%,-11.57%,5.90%,4.25%,-2.18%,1.92%,6.86%,-1.08%,5.61%,0.50%,5.20%,-0.03%,-7.05%,-9.85%,-0.95%,1.69%,-0.44%,0.70%,-5.70%,2.78%
7/31/03,-2.86%,-1.92%,1.28%,0.43%,-8.35%,-1.52%,-8.04%,-3.60%,4.12%,11.96%,-3.68%,-6.20%,4.41%,24.89%,-1.39%,-1.30%,2.48%,-0.70%,-2.63%,-3.47%,-6.43%,4.06%,-1.09%,-5.55%
8/31/03,2.84%,14.59%,-5.74%,14.55%,-6.42%,-12.94%,1.53%,-1.60%,-2.45%,-2.71%,0.54%,0.46%,-0.37%,4.84%,-1.46%,-3.85%,-3.76%,1.35%,5.20%,-2.85%,-1.09%,3.05%,-2.15%,0.51%
9/30/03,5.53%,1.20%,8.44%,9.17%,10.98%,6.59%,7.99%,10.05%,-4.86%,9.99%,13.11%,8.37%,12.02%,7.61%,5.15%,8.18%,7.23%,6.81%,12.34%,4.91%,2.31%,0.44%,-1.16%,2.12%
10/31/03,2.95%,-5.52%,-9.40%,13.12%,-6.16%,-4.14%,2.68%,2.22%,-2.22%,-4.22%,-0.24%,-3.90%,2.42%,-2.92%,-4.24%,1.38%,-0.67%,-0.41%,0.52%,-4.97%,-3.38%,1.14%,-1.35%,0.48%
11/30/03,2.90%,4.35%,3.22%,12.71%,4.18%,4.40%,9.24%,5.78%,16.33%,5.87%,5.00%,6.04%,3.17%,-1.48%,-0.40%,-1.00%,4.07%,6.35%,8.10%,0.23%,0.75%,2.35%,5.81%,4.62%
12/31/03,2.91%,7.40%,4.36%,9.63%,5.49%,10.94%,11.00%,6.13%,4.15%,11.18%,5.94%,5.92%,2.36%,0.39%,-0.02%,6.64%,3.36%,6.62%,6.25%,7.47%,5.24%,3.32%,8.65%,6.11%
1/31/04,4.32%,-7.54%,0.03%,-4.67%,4.07%,-6.30%,5.57%,5.91%,-10.88%,-0.15%,5.77%,-1.11%,-1.31%,17.43%,11.51%,0.86%,1.79%,-4.90%,-9.41%,-5.18%,-11.14%,-0.91%,-18.91%,-1.95%
2/29/04,1.61%,-0.87%,11.25%,7.56%,-1.66%,4.47%,5.42%,3.31%,5.90%,3.41%,6.86%,1.85%,4.44%,3.21%,1.22%,0.37%,1.94%,-2.24%,5.81%,1.09%,-1.92%,4.22%,2.75%,5.41%
3/31/04,0.07%,-3.64%,0.55%,5.65%,6.81%,3.39%,1.83%,2.91%,15.21%,6.94%,3.94%,1.28%,0.40%,0.19%,1.59%,1.84%,4.38%,12.14%,5.10%,-0.38%,1.34%,4.84%,5.88%,5.00%
4/30/04,1.50%,-1.68%,-6.15%,-10.71%,-0.62%,1.50%,-0.64%,-1.74%,6.21%,-0.36%,-0.46%,1.14%,3.31%,6.87%,5.31%,-2.50%,1.71%,-2.27%,2.15%,-1.36%,-1.46%,-0.03%,6.28%,-0.14%
5/31/04,-0.02%,5.27%,5.46%,-1.79%,2.99%,8.06%,-0.39%,1.77%,6.78%,4.64%,2.51%,1.89%,-2.72%,-1.61%,0.69%,5.12%,2.23%,5.97%,5.02%,-4.43%,2.20%,4.80%,4.83%,0.32%
6/30/04,-1.27%,-1.15%,-7.59%,1.10%,2.39%,1.82%,2.97%,-0.07%,0.77%,3.69%,-0.13%,1.96%,0.85%,-6.52%,-0.66%,0.67%,-0.80%,2.70%,-5.07%,5.91%,-3.24%,0.69%,1.30%,2.62%
7/31/04,4.10%,1.00%,3.47%,5.08%,2.93%,3.10%,8.25%,2.07%,7.17%,4.64%,4.68%,-4.04%,0.36%,-1.38%,0.38%,0.64%,5.69%,5.30%,5.99%,0.68%,-0.91%,0.66%,1.93%,5.71%
8/31/04,2.47%,7.72%,-1.29%,2.89%,4.52%,5.38%,6.50%,1.31%,5.20%,6.96%,-0.81%,3.78%,-0.63%,2.00%,-1.12%,2.93%,0.10%,4.99%,1.30%,6.78%,-4.51%,3.34%,5.10%,2.88%
9/30/04,4.17%,4.42%,0.41%,11.15%,1.45%,-0.69%,5.80%,0.02%,-2.07%,2.82%,1.99%,2.13%,-0.85%,11.42%,-0.33%,4.50%,0.83%,4.41%,2.53%,12.12%,4.01%,1.50%,2.25%,2.87%
10/31/04,-0.69%,4.23%,-1.34%,10.36%,7.39%,5.87%,11.98%,1.28%,8.34%,5.05%,5.19%,1.53%,4.16%,6.97%,1.22%,2.76%,2.19%,4.45%,6.90%,8.15%,1.30%,4.17%,4.46%,1.92%
11/30/04,8.84%,12.28%,2.34%,7.97%,3.29%,12.40%,9.84%,2.85%,14.94%,5.09%,5.09%,2.35%,4.87%,-2.65%,3.12%,3.25%,-0.08%,5.42%,7.08%,4.36%,3.95%,5.80%,5.34%,2.83%
12/31/04,2.59%,-5.51%,2.86%,0.99%,2.88%,8.28%,5.77%,4.72%,1.66%,6.20%,4.25%,7.99%,-1.47%,8.93%,4.70%,4.42%,0.37%,3.49%,6.91%,5.64%,-7.62%,-0.34%,6.92%,1.46%
1/31/05,1.87%,-0.31%,1.13%,0.04%,1.25%,-7.94%,-1.84%,-4.40%,18.76%,-2.86%,1.50%,-4.84%,8.01%,-3.14%,6.20%,0.53%,1.13%,2.26%,-1.79%,-1.97%,-1.57%,1.61%,-2.94%,4.08%
2/28/05,-0.83%,6.59%,3.49%,10.41%,3.09%,-2.55%,3.04%,1.64%,-1.21%,5.67%,5.37%,4.85%,3.99%,8.34%,8.87%,1.91%,4.24%,0.59%,-0.37%,-6.34%,3.20%,4.40%,4.51%,3.32%
3/31/05,-1.90%,12.02%,4.46%,2.44%,2.56%,2.00%,-0.64%,0.66%,-0.91%,-0.22%,0.12%,1.70%,3.36%,2.55%,8.67%,-0.81%,3.39%,5.85%,4.42%,4.67%,3.14%,-0.49%,-0.09%,0.52%
4/30/05,-0.21%,3.00%,4.47%,-6.28%,3.60%,6.20%,0.60%,1.83%,1.30%,2.23%,-0.13%,-0.68%,6.84%,4.64%,0.38%,2.05%,1.17%,1.54%,5.99%,-6.26%,0.83%,4.01%,2.31%,1.71%
5/31/05,-2.86%,-0.47%,-0.58%,-2.16%,-3.45%,-5.16%,-2.03%,-2.83%,-2.18%,-3.36%,-7.85%,0.41%,1.67%,-8.61%,-4.20%,-1.85%,-2.71%,-1.89%,-4.39%,0.87%,0.88%,0.37%,-0.19%,-1.74%
6/30/05,-0.29%,4.99%,0.58%,6.12%,-2.08%,-1.72%,7.95%,2.13%,2.81%,-3.04%,2.36%,2.41%,0.24%,10.54%,-4.77%,-1.65%,-1.81%,-0.07%,-2.74%,-1.38%,9.02%,-0.11%,-0.37%,3.60%
7/31/05,3.96%,10.18%,2.39%,2.83%,1.91%,0.56%,12.21%,2.12%,2.17%,3.39%,-1.75%,-4.08%,-0.69%,2.08%,0.97%,-0.45%,0.93%,-1.98%,-2.11%,-3.49%,-3.20%,3.14%,2.81%,1.55%
8/31/05,-0.93%,-7.10%,4.39%,4.90%,2.37%,4.40%,0.39%,0.88%,-0.60%,2.91%,2.96%,-1.06%,2.71%,13.58%,-1.79%,2.06%,0.93%,2.20%,-3.56%,4.08%,-2.60%,-0.66%,3.26%,0.20%
9/30/05,0.32%,-4.62%,-2.41%,7.15%,-2.04%,1.75%,-6.14%,-9.10%,0.33%,-1.52%,1.77%,-1.87%,3.62%,-1.05%,6.54%,-0.39%,-0.73%,-0.19%,6.47%,-0.97%,10.64%,1.28%,0.11%,0.26%
10/31/05,2.11%,-1.75%,4.38%,-3.79%,0.71%,2.38%,2.13%,2.23%,-0.79%,1.39%,-0.90%,-2.81%,-1.37%,-6.85%,-0.01%,-1.69%,0.10%,-1.48%,2.56%,4.61%,-0.55%,0.99%,1.12%,-2.18%
11/30/05,-0.29%,-3.38%,-4.20%,2.51%,-4.62%,-2.39%,-3.66%,-1.06%,1.48%,-5.16%,-2.88%,1.09%,0.67%,-8.14%,-0.23%,-1.64%,1.60%,-4.12%,-0.49%,-1.74%,-3.24%,1.83%,2.61%,0.08%
12/31/05,-0.15%,3.31%,0.52%,4.66%,-2.64%,4.78%,19.05%,0.08%,6.08%,3.47%,-0.40%,-2.90%,2.25%,5.44%,0.24%,-0.21%,4.43%,0.54%,1.52%,-0.48%,-4.20%,3.04%,3.72%,1.19%
1/31/06,-2.95%,5.79%,3.01%,7.25%,3.65%,5.18%,4.28%,3.66%,6.08%,0.55%,3.43%,7.64%,-4.51%,3.00%,15.94%,1.81%,3.59%,3.17%,0.04%,0.81%,1.94%,1.73%,0.10%,0.92%
2/28/06,0.02%,-1.26%,-3.66%,2.99%,1.26%,0.44%,-0.72%,0.82%,7.01%,-0.80%,0.97%,-3.37%,7.81%,3.41%,2.54%,3.02%,0.91%,2.07%,0.30%,2.57%,-0.31%,4.82%,3.32%,0.78%
3/31/06,-0.46%,-0.17%,7.82%,2.32%,2.62%,5.92%,5.26%,9.36%,0.21%,5.76%,1.34%,3.66%,6.83%,-7.16%,3.98%,2.78%,-3.83%,3.56%,4.02%,-4.06%,2.31%,1.04%,4.85%,0.94%
4/30/06,4.44%,16.20%,6.81%,11.09%,4.22%,10.43%,8.13%,3.22%,9.78%,7.49%,7.83%,1.71%,8.43%,5.94%,0.41%,1.49%,3.96%,6.04%,4.48%,2.27%,37.61%,-1.43%,2.90%,1.32%
5/31/06,4.04%,14.34%,2.08%,1.90%,5.05%,5.17%,7.06%,1.18%,-1.94%,4.18%,2.10%,-2.68%,3.90%,-0.73%,6.74%,0.15%,3.32%,-0.60%,-1.19%,6.26%,10.40%,-1.24%,-2.00%,0.24%
6/30/06,-0.12%,-8.66%,-3.87%,-2.90%,0.18%,0.23%,-4.49%,0.49%,0.09%,-0.15%,-3.25%,-1.97%,2.21%,-1.16%,2.35%,0.34%,-4.13%,0.64%,-0.59%,-6.60%,5.13%,0.64%,1.13%,0.00%
7/31/06,6.99%,2.46%,-0.73%,-0.28%,-3.24%,1.89%,3.58%,-0.81%,-0.19%,4.36%,2.84%,2.67%,1.78%,-0.53%,1.29%,0.39%,0.85%,0.19%,0.05%,18.13%,-2.93%,3.42%,2.93%,2.00%
8/31/06,-1.63%,-9.86%,-2.14%,1.65%,-1.85%,-1.09%,9.31%,0.99%,3.25%,-2.63%,3.51%,-1.13%,0.16%,-1.91%,3.74%,-1.18%,-3.50%,-1.62%,3.82%,13.65%,0.89%,2.41%,-3.44%,-0.48%
9/30/06,4.84%,6.41%,-1.93%,1.82%,-3.93%,-2.91%,3.92%,-0.97%,1.35%,4.16%,0.00%,1.96%,3.57%,6.66%,-3.40%,-1.36%,-2.11%,0.19%,7.32%,2.50%,0.43%,1.38%,-1.11%,-0.14%
10/31/06,1.57%,-0.68%,2.42%,1.55%,-2.47%,0.45%,-0.16%,2.89%,0.00%,2.35%,1.38%,0.29%,0.43%,1.17%,7.95%,0.48%,-1.72%,2.11%,-0.61%,-3.85%,-9.24%,6.34%,1.98%,0.43%
11/30/06,5.06%,0.02%,3.32%,-1.53%,3.86%,2.19%,5.16%,0.64%,31.36%,2.43%,7.57%,4.53%,6.34%,2.01%,5.30%,6.24%,-0.63%,4.69%,11.39%,11.19%,24.00%,-1.63%,4.95%,1.28%
12/31/06,3.11%,3.59%,-3.40%,0.67%,0.83%,0.56%,0.28%,-0.18%,-0.34%,0.76%,0.88%,3.10%,-1.81%,-2.73%,2.42%,-1.94%,-0.14%,-0.98%,8.38%,4.54%,-13.21%,10.06%,3.91%,2.52%
1/31/07,3.96%,19.58%,2.57%,4.10%,-0.87%,0.49%,-0.35%,1.60%,2.63%,2.41%,3.01%,-6.51%,10.00%,2.53%,5.15%,1.49%,-1.06%,5.33%,4.10%,0.60%,-2.72%,5.47%,-0.14%,1.34%
2/28/07,3.95%,6.09%,4.30%,3.22%,10.57%,4.06%,5.36%,4.43%,7.47%,5.32%,1.72%,2.75%,20.80%,6.95%,6.15%,0.73%,1.12%,3.70%,4.63%,-0.65%,20.88%,3.57%,-0.77%,1.18%
3/31/07,-0.91%,2.87%,3.29%,6.16%,0.98%,7.15%,6.23%,4.32%,-0.40%,-0.58%,-0.78%,1.48%,11.70%,2.80%,2.35%,0.06%,1.13%,3.52%,-2.39%,0.82%,-23.32%,4.81%,2.47%,-0.10%
4/30/07,1.23%,0.89%,1.16%,7.04%,0.63%,4.65%,2.99%,4.83%,7.23%,8.15%,2.77%,-0.26%,25.17%,19.22%,4.63%,4.86%,-1.86%,2.73%,1.06%,5.02%,-3.51%,0.61%,6.86%,0.79%
5/31/07,3.16%,-2.98%,9.16%,5.02%,-1.36%,1.44%,0.66%,-5.58%,-0.28%,0.22%,0.15%,-1.46%,29.77%,-4.02%,2.95%,0.05%,-2.86%,1.07%,0.86%,-5.59%,-6.50%,0.16%,0.29%,-1.06%
6/30/07,0.20%,3.60%,4.83%,0.54%,2.50%,1.22%,2.79%,3.56%,2.57%,2.72%,3.23%,-2.21%,10.31%,-2.50%,0.48%,-0.67%,-2.15%,-0.79%,-1.81%,4.66%,2.51%,5.16%,-0.62%,0.77%
7/31/07,0.98%,4.56%,3.00%,0.13%,4.51%,3.27%,-0.26%,0.39%,4.77%,2.92%,1.28%,3.03%,26.26%,4.65%,4.27%,-1.07%,3.28%,3.69%,12.66%,-0.86%,3.94%,5.26%,0.51%,-0.61%
8/31/07,-0.99%,-1.02%,-2.26%,-2.02%,2.57%,-3.85%,-0.48%,2.65%,-1.19%,-2.15%,-6.91%,0.56%,-12.99%,-10.11%,1.70%,0.69%,2.51%,-0.76%,2.32%,-8.67%,9.05%,0.84%,-4.52%,-2.90%
9/30/07,-2.71%,4.97%,2.83%,1.36%,2.64%,4.97%,-0.94%,0.58%,6.58%,1.74%,1.84%,3.70%,-3.88%,-2.29%,-6.32%,1.46%,-1.30%,2.00%,-1.96%,-5.86%,4.87%,-0.44%,0.36%,1.39%
10/31/07,3.96%,-7.08%,2.11%,2.21%,-1.71%,-2.91%,2.34%,-7.21%,1.88%,1.53%,-3.72%,1.31%,10.65%,3.04%,-0.57%,-2.71%,-6.55%,3.00%,0.29%,7.83%,-10.28%,4.73%,1.03%,0.26%
11/30/07,1.08%,2.97%,2.15%,-2.98%,7.07%,2.02%,4.60%,0.37%,5.43%,2.18%,-3.10%,4.63%,1.51%,-1.80%,-0.75%,-1.67%,4.85%,3.32%,5.88%,0.37%,10.84%,1.56%,-4.00%,-3.86%
12/31/07,0.14%,-0.92%,-1.68%,-0.90%,1.96%,1.90%,2.14%,-0.08%,-2.37%,1.05%,-8.28%,0.56%,-1.14%,-0.03%,-4.16%,0.29%,1.00%,2.01%,-5.18%,3.84%,7.73%,2.65%,-3.38%,-2.62%
1/31/08,-1.31%,7.90%,2.47%,-0.87%,10.24%,7.36%,-7.19%,0.94%,-4.91%,0.02%,-4.19%,-0.45%,-0.99%,-18.15%,0.87%,-1.38%,3.15%,0.74%,2.54%,3.63%,1.88%,7.14%,3.53%,-1.96%
2/29/08,-0.79%,-8.90%,-1.66%,0.78%,-1.53%,1.47%,-0.89%,3.37%,2.26%,2.14%,-3.74%,0.35%,-0.06%,12.39%,-1.82%,-1.41%,0.05%,-2.15%,0.37%,2.62%,-7.49%,-0.08%,7.10%,2.21%
3/31/08,-7.98%,1.82%,5.38%,1.00%,2.16%,3.70%,1.02%,-3.71%,-3.30%,2.15%,-10.98%,4.68%,-1.09%,26.07%,1.04%,2.41%,6.40%,1.89%,-1.91%,-3.31%,-0.95%,4.41%,-0.23%,-6.69%
4/30/08,-4.99%,-5.42%,-3.25%,3.21%,-8.64%,-1.64%,-5.60%,-3.05%,-2.20%,0.15%,-0.22%,-4.86%,-6.76%,6.21%,-0.57%,0.95%,-10.23%,-5.93%,-9.84%,-0.33%,-7.35%,8.16%,2.04%,-2.15%
5/31/08,-3.22%,-10.70%,2.66%,0.86%,1.65%,-1.00%,-1.08%,0.50%,1.37%,3.21%,4.66%,0.49%,7.05%,0.60%,-1.08%,2.78%,-1.40%,-2.25%,-3.61%,3.34%,3.82%,-2.86%,-0.72%,0.86%
6/30/08,-1.65%,5.31%,4.46%,0.99%,4.73%,6.12%,7.51%,7.84%,7.48%,9.74%,3.43%,4.40%,2.86%,4.86%,-0.06%,4.85%,4.75%,2.05%,2.42%,12.83%,9.45%,3.94%,4.30%,0.41%
7/31/08,6.81%,9.81%,0.31%,1.98%,-3.74%,-3.86%,0.01%,-6.09%,7.93%,-6.16%,-15.48%,-5.82%,-1.44%,-3.30%,-3.25%,-0.53%,1.19%,1.13%,1.76%,-1.77%,-6.84%,-1.78%,-0.63%,-6.74%
8/31/08,0.07%,-4.86%,-8.94%,-2.84%,-4.25%,-8.10%,-3.43%,-7.30%,-3.98%,-4.26%,-9.18%,-0.46%,-2.84%,-16.00%,4.48%,-4.43%,1.69%,-8.27%,-8.11%,0.17%,-1.45%,2.06%,-5.60%,-1.32%
9/30/08,0.43%,14.17%,1.59%,-1.02%,2.37%,2.14%,-8.74%,1.73%,-0.01%,1.60%,-6.29%,1.25%,-4.70%,-15.94%,5.26%,-2.13%,4.76%,0.50%,-2.64%,-3.54%,2.20%,-1.60%,-3.97%,-9.29%
10/31/08,-8.15%,-16.29%,0.14%,-12.03%,-3.28%,-7.80%,-12.87%,-6.41%,-7.16%,-12.42%,-19.60%,-7.51%,-14.45%,-41.20%,0.42%,-4.77%,4.49%,-0.52%,-9.66%,-4.32%,2.84%,-9.85%,-6.43%,-5.01%
11/30/08,-1.35%,3.51%,5.74%,-8.52%,-4.23%,-2.16%,-4.03%,-3.62%,-0.66%,1.50%,-6.77%,1.33%,-9.39%,0.61%,-7.07%,1.53%,4.47%,0.75%,-2.58%,-0.29%,18.34%,-1.94%,-3.39%,-3.64%
12/31/08,-3.80%,4.72%,6.75%,-12.02%,11.50%,-3.26%,3.66%,2.96%,9.56%,2.42%,-13.25%,11.80%,-9.19%,-11.85%,0.36%,1.62%,2.94%,11.40%,-5.45%,10.91%,8.83%,-2.05%,-11.35%,-7.71%
1/31/09,-2.61%,9.97%,-6.09%,8.41%,-2.73%,0.52%,-14.20%,-2.31%,8.95%,-2.99%,0.57%,-5.79%,3.90%,2.47%,-2.90%,-3.26%,1.92%,-9.56%,15.14%,-0.73%,-5.91%,1.24%,9.36%,11.87%
2/28/09,0.58%,2.88%,3.41%,1.73%,4.58%,1.74%,1.77%,3.21%,4.45%,-0.99%,1.51%,-4.36%,4.45%,3.89%,3.31%,1.69%,-5.06%,6.35%,-0.68%,7.14%,4.38%,-1.67%,-2.13%,-0.29%
3/31/09,-3.68%,-2.82%,-2.88%,-1.28%,-4.52%,-3.97%,2.96%,-1.32%,5.96%,-8.08%,-12.59%,-3.68%,-6.22%,-44.58%,6.99%,-9.87%,-6.29%,-2.10%,-5.00%,6.86%,4.19%,-0.28%,2.16%,-2.67%
4/30/09,5.57%,-19.54%,-23.06%,3.38%,-13.84%,-9.32%,-20.72%,-20.76%,-19.19%,-9.17%,5.10%,-11.45%,-0.10%,50.63%,-2.94%,-14.28%,-11.65%,-11.66%,-1.91%,-3.78%,-22.79%,-5.48%,-5.12%,-7.85%
5/31/09,10.94%,-3.93%,22.70%,15.12%,4.98%,4.65%,9.63%,0.09%,10.22%,9.74%,15.65%,-2.64%,17.25%,-7.35%,-1.37%,1.37%,-0.15%,2.06%,2.67%,-7.79%,1.87%,-4.65%,5.80%,6.37%
6/30/09,2.14%,5.47%,1.98%,3.26%,0.81%,-1.07%,4.94%,0.59%,-0.44%,2.98%,4.55%,8.76%,18.86%,-10.07%,1.51%,0.63%,2.00%,1.41%,-4.04%,3.00%,12.58%,5.15%,-2.28%,9.14%
7/31/09,2.07%,-3.32%,-3.43%,8.43%,-7.29%,-6.82%,-9.13%,-4.13%,-4.20%,-7.31%,-6.95%,-0.04%,2.87%,18.44%,1.02%,-3.55%,4.86%,-1.45%,4.27%,-4.92%,-13.81%,1.06%,-3.02%,-3.62%
8/31/09,14.63%,-16.22%,-9.72%,5.72%,-0.93%,-0.32%,2.85%,-1.34%,1.29%,2.34%,-1.04%,0.59%,7.29%,-2.48%,4.50%,2.56%,3.63%,-3.58%,5.85%,15.76%,2.97%,9.45%,-2.93%,-2.18%
9/30/09,12.09%,2.08%,5.28%,6.74%,-0.05%,2.70%,-1.50%,-1.78%,-1.45%,5.15%,3.51%,0.40%,4.10%,7.32%,0.34%,-2.54%,6.87%,3.78%,1.32%,4.42%,10.97%,7.08%,6.60%,-0.46%
10/31/09,6.90%,-0.90%,1.16%,8.61%,7.81%,2.90%,-0.38%,2.45%,5.27%,11.55%,10.36%,1.27%,5.40%,12.05%,-3.66%,-1.40%,-1.66%,21.99%,9.33%,2.52%,1.59%,1.26%,-6.12%,0.84%
11/30/09,3.76%,4.49%,2.96%,4.75%,-1.24%,-1.38%,0.87%,1.50%,-3.61%,2.81%,-0.20%,6.18%,8.96%,9.28%,2.25%,-2.32%,6.25%,-1.91%,1.96%,2.23%,-5.66%,4.17%,0.83%,-1.21%
12/31/09,1.40%,-11.72%,-4.77%,5.20%,-3.82%,-3.47%,-3.29%,-8.90%,-4.44%,-6.99%,-5.36%,-0.58%,3.47%,3.41%,0.54%,-4.16%,-10.05%,-4.39%,-8.37%,1.84%,-8.88%,-0.95%,-2.44%,0.98%
1/31/10,3.06%,20.73%,-8.09%,4.44%,-3.48%,-0.50%,-7.90%,-1.04%,4.47%,-2.42%,2.82%,3.58%,9.61%,-5.02%,6.96%,0.98%,1.95%,3.47%,8.04%,-0.81%,-0.21%,4.95%,4.66%,0.98%
2/28/10,1.05%,-1.87%,0.96%,4.11%,-1.02%,1.08%,-6.95%,3.47%,-4.25%,2.99%,-3.43%,-4.22%,1.31%,9.74%,2.97%,-1.86%,2.04%,-1.69%,3.62%,-2.45%,9.98%,1.14%,5.23%,0.76%
3/31/10,-0.27%,4.62%,-7.17%,3.87%,0.11%,-3.26%,-0.80%,-3.75%,-3.51%,-3.33%,-2.40%,4.85%,9.02%,-3.09%,3.07%,-2.67%,-9.79%,1.64%,1.81%,-2.16%,-6.49%,6.41%,-3.04%,1.46%
4/30/10,2.44%,-1.57%,1.28%,1.74%,-1.48%,-2.21%,-0.44%,3.80%,-1.88%,0.43%,3.21%,3.97%,12.44%,8.94%,2.51%,0.48%,-1.21%,2.62%,1.55%,-0.67%,2.53%,4.44%,-3.79%,1.51%
5/31/10,-4.16%,-7.53%,5.81%,-0.40%,-0.18%,-1.58%,-3.75%,1.58%,-4.52%,-0.99%,-2.19%,-2.94%,-4.49%,-5.58%,-2.72%,-0.57%,5.38%,7.71%,-3.42%,-1.29%,-3.93%,-1.15%,-4.00%,-0.63%
6/30/10,3.09%,6.48%,5.73%,1.25%,7.25%,6.84%,3.37%,-0.23%,1.82%,5.78%,4.32%,2.30%,0.57%,13.59%,1.88%,-0.05%,6.38%,9.30%,12.89%,-1.04%,-14.93%,0.84%,-0.17%,2.32%
7/31/10,1.52%,-0.56%,-5.73%,1.88%,-0.64%,0.48%,-2.02%,-3.42%,-0.56%,4.74%,-1.52%,-15.65%,-1.17%,8.21%,-3.61%,0.39%,1.79%,-1.47%,1.38%,-1.59%,27.35%,3.56%,-1.68%,-2.30%
8/31/10,0.84%,1.49%,-1.29%,-4.69%,3.87%,2.42%,-3.82%,4.84%,-0.49%,0.00%,0.63%,11.06%,2.88%,4.04%,2.65%,2.73%,7.58%,4.19%,0.43%,-2.05%,2.56%,-0.51%,1.25%,1.61%
9/30/10,2.66%,3.04%,9.32%,0.57%,-1.83%,10.78%,0.34%,3.86%,0.71%,2.88%,-1.28%,7.69%,3.31%,7.35%,1.66%,-1.66%,-2.46%,-0.40%,1.14%,-5.48%,5.41%,3.42%,4.43%,-1.19%
10/31/10,5.31%,21.97%,-4.70%,3.85%,-1.70%,0.24%,-1.08%,-2.48%,1.22%,-0.81%,1.60%,-0.21%,2.35%,9.78%,1.27%,4.77%,2.13%,-2.63%,-1.57%,5.93%,-7.50%,1.70%,-2.90%,2.09%
11/30/10,3.65%,4.78%,-4.22%,0.56%,-0.69%,-3.67%,-4.80%,1.38%,-5.34%,-2.72%,0.39%,7.49%,5.75%,8.34%,1.96%,1.87%,-8.81%,0.08%,1.32%,1.53%,4.33%,2.54%,-4.09%,-0.51%
12/31/10,2.57%,-8.51%,1.78%,7.36%,1.01%,3.56%,8.62%,-4.62%,-0.08%,-2.89%,-2.87%,-1.09%,3.76%,3.77%,-3.15%,-3.25%,-0.02%,0.90%,4.62%,-0.88%,-8.04%,3.39%,0.35%,-0.13%
1/31/11,0.82%,0.16%,-0.31%,3.93%,1.28%,-3.12%,0.23%,-6.20%,5.89%,8.44%,8.87%,-12.01%,1.60%,9.52%,-1.39%,-6.83%,1.39%,4.69%,-0.95%,4.07%,3.85%,0.04%,3.45%,3.02%
2/28/11,4.08%,3.66%,-4.86%,4.65%,2.02%,1.83%,2.12%,4.11%,-0.08%,2.28%,2.14%,2.16%,1.29%,3.42%,2.29%,0.21%,0.00%,3.63%,3.18%,-2.88%,-3.40%,2.96%,4.06%,0.73%
3/31/11,2.51%,3.00%,7.32%,3.11%,1.58%,-0.27%,2.19%,1.85%,2.10%,6.33%,-0.01%,0.62%,1.56%,5.83%,-0.70%,3.35%,0.07%,0.97%,6.85%,-2.33%,-2.99%,2.55%,-1.23%,0.41%
4/30/11,3.94%,9.25%,5.76%,4.52%,4.31%,5.21%,-0.03%,3.19%,1.89%,8.58%,3.54%,6.16%,0.09%,1.74%,1.82%,3.34%,0.91%,5.61%,15.60%,-0.97%,3.27%,2.02%,6.53%,0.57%
5/31/11,-1.84%,-3.32%,-1.81%,1.22%,4.99%,2.53%,-4.77%,-1.13%,-1.08%,4.91%,0.97%,-0.62%,0.01%,3.18%,-1.00%,-1.13%,-0.06%,4.60%,0.06%,3.36%,-9.85%,1.97%,-0.33%,1.44%
6/30/11,2.33%,7.65%,-0.33%,0.32%,6.77%,0.84%,1.13%,1.12%,-3.62%,3.17%,-1.01%,3.40%,-0.54%,-1.77%,1.34%,1.85%,0.81%,2.84%,8.40%,2.38%,20.94%,0.01%,-1.23%,0.40%
7/31/11,-1.35%,5.95%,6.65%,-0.43%,12.25%,6.42%,-0.74%,2.51%,6.30%,4.09%,2.51%,2.16%,-2.09%,1.64%,3.15%,3.24%,5.95%,6.21%,-0.90%,2.89%,2.15%,1.57%,-0.11%,-0.41%
8/31/11,-0.06%,5.77%,3.33%,-1.88%,1.68%,3.88%,4.16%,3.78%,-0.33%,4.58%,-2.26%,8.86%,-2.37%,8.69%,-4.00%,0.62%,3.30%,4.62%,3.51%,3.39%,5.67%,-2.99%,8.31%,0.79%
9/30/11,-0.86%,-1.64%,0.36%,-2.74%,-2.73%,1.19%,-0.82%,-1.94%,2.01%,-1.19%,-0.57%,0.21%,0.64%,-4.64%,-2.71%,-2.49%,3.68%,-1.46%,-2.73%,-3.47%,9.88%,-2.93%,-1.97%,2.01%
10/31/11,5.31%,10.01%,6.63%,-1.16%,-6.03%,1.81%,5.12%,-1.54%,-9.04%,0.59%,-4.64%,6.35%,-10.01%,-27.89%,-4.43%,0.62%,-2.91%,-3.90%,-3.42%,5.53%,0.65%,-0.09%,-1.21%,-6.00%
11/30/11,0.57%,-2.04%,-0.44%,3.09%,-0.87%,-2.84%,-3.63%,-0.04%,-4.26%,4.33%,-2.43%,-4.58%,2.15%,11.63%,3.08%,-2.50%,2.50%,-0.36%,-2.93%,-1.17%,-8.37%,-1.99%,0.73%,0.54%
12/31/11,0.33%,-9.73%,-8.09%,3.88%,-0.27%,3.27%,-2.51%,-3.64%,0.53%,-0.46%,-2.34%,-0.37%,1.43%,-26.28%,1.06%,-1.05%,4.76%,-5.96%,-0.10%,-0.30%,-8.05%,1.77%,1.12%,1.26%
1/31/12,-0.01%,-9.97%,-6.79%,-2.09%,-7.22%,-7.55%,-4.36%,-0.84%,-4.11%,-4.75%,0.02%,-19.07%,-5.04%,0.48%,-1.55%,-8.49%,-2.03%,3.62%,4.09%,-4.15%,-0.35%,-6.28%,-0.26%,0.71%
2/29/12,1.79%,-8.17%,4.58%,5.66%,1.70%,-1.11%,3.17%,1.86%,-4.58%,3.16%,-0.18%,-6.56%,-1.58%,-17.69%,1.97%,-3.13%,-5.19%,2.83%,3.92%,13.66%,-9.06%,2.30%,4.27%,2.57%
3/31/12,-1.50%,13.63%,-2.84%,6.03%,1.11%,4.64%,3.85%,6.66%,-1.29%,-0.16%,1.23%,2.89%,3.52%,21.48%,-1.29%,2.35%,2.88%,-2.85%,-9.02%,20.06%,-1.55%,1.75%,-1.65%,3.94%
4/30/12,1.38%,24.70%,1.71%,3.97%,2.38%,0.82%,-0.36%,8.08%,-2.67%,6.73%,2.72%,6.41%,1.30%,-2.36%,1.07%,3.58%,5.37%,8.63%,3.47%,-1.24%,12.39%,1.82%,0.27%,2.89%
5/31/12,-0.44%,-3.28%,0.63%,-1.14%,-2.04%,-1.76%,-1.12%,2.78%,-1.13%,3.38%,-0.48%,8.32%,1.42%,8.79%,3.45%,0.93%,6.00%,2.51%,3.57%,-1.95%,-9.26%,1.40%,-1.42%,2.38%
6/30/12,5.80%,-11.55%,-3.65%,2.39%,0.97%,0.17%,1.14%,-11.78%,-2.66%,0.89%,-0.37%,-11.91%,1.52%,3.19%,-0.38%,-1.69%,-2.47%,0.35%,1.24%,3.86%,41.67%,3.20%,-0.98%,1.06%
7/31/12,6.23%,-4.57%,-0.46%,0.94%,-5.15%,-3.25%,-2.79%,2.14%,-5.39%,-4.02%,-0.69%,5.27%,2.21%,-10.39%,-3.83%,-0.46%,6.82%,-2.25%,0.41%,3.19%,-8.13%,5.77%,-2.42%,1.05%
8/31/12,-0.25%,26.18%,0.32%,-0.94%,0.50%,3.87%,4.98%,-7.54%,3.73%,-1.06%,-1.81%,6.13%,1.90%,4.51%,-2.59%,-3.11%,2.25%,0.09%,10.64%,-9.17%,35.12%,1.62%,3.37%,-0.87%
9/30/12,1.99%,-0.94%,-5.57%,1.42%,-0.35%,-0.82%,-3.98%,-0.45%,0.03%,2.79%,0.79%,-12.91%,-0.16%,24.62%,-7.78%,3.36%,0.90%,3.04%,2.60%,3.54%,-17.86%,3.19%,-1.41%,0.78%
10/31/12,1.33%,10.86%,1.21%,1.10%,0.83%,4.51%,1.77%,2.97%,-2.18%,2.51%,0.65%,0.22%,-1.71%,1.94%,0.38%,3.32%,-3.72%,-3.23%,6.73%,1.27%,-1.76%,4.86%,2.93%,2.03%
11/30/12,2.67%,-8.49%,-4.22%,5.14%,3.41%,2.32%,2.76%,3.80%,-0.86%,0.14%,-0.39%,-0.95%,2.05%,5.85%,4.98%,1.19%,-4.62%,5.09%,-1.01%,5.69%,23.96%,2.85%,6.35%,-1.35%
12/31/12,0.00%,-4.70%,-4.45%,1.48%,-8.35%,6.81%,1.80%,-4.06%,1.17%,-6.00%,0.44%,-6.51%,0.16%,8.94%,5.88%,-1.16%,-4.37%,-2.02%,0.52%,-1.17%,-1.18%,1.69%,3.29%,-1.07%
1/31/13,0.57%,24.14%,1.72%,1.32%,-2.02%,-3.87%,-0.30%,-4.47%,1.35%,7.35%,-0.21%,-1.20%,0.92%,-16.65%,-2.27%,-2.84%,-2.07%,2.90%,3.15%,4.36%,-11.49%,2.30%,-6.77%,4.40%
2/28/13,2.83%,-1.84%,-3.06%,1.44%,-1.79%,0.04%,-3.02%,-0.23%,-3.59%,1.66%,-1.71%,-4.97%,5.52%,-4.36%,3.63%,3.61%,1.42%,1.29%,-2.65%,1.45%,10.31%,3.96%,7.53%,1.89%
3/31/13,3.69%,7.14%,12.79%,3.02%,-1.07%,2.01%,1.94%,7.22%,1.87%,2.61%,3.38%,16.95%,3.66%,23.46%,5.60%,3.83%,2.48%,5.03%,-2.14%,-2.84%,1.33%,5.49%,-1.68%,2.34%
4/30/13,3.87%,0.85%,6.32%,3.39%,2.71%,2.42%,2.90%,-2.19%,-1.55%,1.25%,2.55%,-11.96%,-0.51%,0.40%,5.24%,-0.82%,-3.69%,3.79%,8.99%,2.13%,-1.52%,3.18%,3.14%,1.67%
5/31/13,-4.22%,-4.30%,-3.00%,-0.21%,-3.90%,-5.19%,0.42%,-1.11%,-2.20%,-0.26%,-1.27%,-8.19%,1.23%,-6.12%,0.58%,0.38%,-2.38%,-3.38%,-3.60%,4.63%,-7.51%,-1.23%,-1.12%,-1.46%
6/30/13,-2.71%,0.49%,-1.11%,0.07%,2.10%,6.03%,3.29%,0.56%,3.66%,3.54%,3.86%,3.46%,3.66%,0.05%,4.45%,6.46%,2.35%,0.34%,-1.68%,19.96%,13.21%,2.29%,-1.62%,2.09%
7/31/13,-4.52%,2.84%,0.96%,0.46%,-0.97%,1.85%,2.57%,-9.63%,2.85%,3.11%,-1.56%,6.28%,2.12%,1.71%,8.23%,0.80%,0.69%,2.40%,-4.53%,0.34%,2.56%,-0.44%,3.19%,1.81%
8/31/13,1.35%,0.88%,-6.23%,-1.86%,-1.40%,1.14%,-1.18%,-0.74%,-3.28%,3.27%,3.28%,3.70%,5.33%,-3.40%,-2.48%,4.54%,1.05%,3.03%,6.48%,-2.02%,-4.28%,5.19%,-0.40%,-0.37%
9/30/13,9.30%,-8.96%,1.33%,6.07%,-1.97%,-2.31%,2.78%,-8.81%,1.46%,-1.51%,5.90%,3.61%,1.17%,9.77%,1.94%,1.57%,-2.14%,0.31%,2.10%,-2.49%,-2.08%,7.71%,2.53%,0.77%
10/31/13,7.48%,5.47%,-3.37%,2.43%,-2.42%,2.17%,3.37%,-3.19%,0.69%,-1.36%,2.62%,1.07%,2.64%,-7.13%,2.67%,4.26%,2.27%,-0.52%,2.32%,-7.59%,-7.68%,-4.62%,2.38%,2.88%
11/30/13,3.57%,1.63%,3.10%,4.15%,1.06%,1.08%,1.02%,6.94%,0.96%,2.40%,6.03%,-0.88%,3.90%,15.99%,0.92%,5.83%,-5.21%,2.90%,-1.66%,-3.22%,-1.58%,-0.13%,-0.55%,1.94%
12/31/13,-1.87%,4.43%,-1.18%,2.91%,0.50%,3.66%,1.54%,12.74%,0.53%,3.63%,0.02%,-8.80%,2.98%,0.66%,-2.99%,0.39%,-2.41%,-0.43%,0.45%,-0.95%,2.03%,-1.02%,6.63%,0.27%
1/31/14,-2.05%,-0.92%,0.00%,-7.03%,-0.41%,-3.42%,-5.57%,-3.52%,0.77%,5.23%,3.64%,5.87%,6.24%,-16.30%,-0.57%,6.20%,10.18%,-3.89%,1.89%,2.91%,-6.93%,2.00%,-0.53%,2.05%
2/28/14,3.47%,3.73%,-3.30%,1.34%,1.88%,4.12%,3.11%,0.07%,-1.09%,0.03%,0.71%,2.73%,5.52%,-3.32%,1.37%,3.50%,2.14%,2.59%,1.66%,3.69%,-0.39%,1.69%,3.76%,-0.18%
3/31/14,5.51%,-1.24%,1.49%,6.34%,0.66%,2.33%,1.05%,11.07%,2.34%,3.60%,1.92%,1.72%,4.72%,12.36%,4.24%,4.70%,0.43%,2.24%,5.20%,4.10%,13.19%,-0.23%,0.40%,1.58%
4/30/14,0.42%,4.00%,1.01%,5.68%,-0.69%,1.98%,0.72%,-0.49%,0.29%,0.75%,1.62%,13.71%,-0.44%,0.80%,5.11%,3.09%,3.81%,1.10%,9.39%,1.56%,5.68%,2.78%,3.43%,0.19%
5/31/14,4.08%,-0.30%,8.75%,4.57%,-7.10%,0.04%,-1.24%,1.38%,-2.26%,0.77%,0.39%,11.84%,1.49%,-4.76%,2.02%,1.19%,-0.62%,-1.49%,-3.15%,7.12%,7.39%,-0.13%,4.51%,1.06%
6/30/14,-0.12%,0.74%,4.05%,0.90%,-0.51%,-0.90%,-0.63%,1.12%,1.33%,6.69%,2.12%,-3.27%,1.60%,-6.74%,5.01%,0.16%,-0.07%,1.50%,-0.98%,0.03%,6.06%,5.27%,0.61%,-0.37%
7/31/14,-3.42%,4.74%,0.89%,0.78%,0.50%,3.54%,-2.16%,-1.19%,1.66%,-0.28%,-0.63%,-2.99%,2.82%,-11.96%,4.39%,-2.40%,1.39%,3.03%,4.47%,-0.81%,-3.32%,2.16%,0.40%,1.02%
8/31/14,1.53%,-1.72%,-1.91%,2.60%,-2.38%,-1.34%,1.74%,1.56%,-1.94%,0.59%,-1.76%,0.15%,4.08%,3.77%,-2.88%,-1.19%,-0.03%,-0.84%,4.12%,-1.23%,-7.40%,1.86%,4.35%,1.71%
9/30/14,-1.21%,3.71%,0.25%,0.37%,1.29%,2.29%,-4.23%,-4.63%,-0.64%,-3.14%,-0.03%,-1.28%,2.68%,-1.33%,1.13%,0.58%,-2.43%,-4.41%,4.04%,-7.08%,6.38%,-0.09%,1.62%,2.48%
10/31/14,2.77%,-3.50%,-3.09%,1.48%,-1.77%,1.11%,-2.24%,1.62%,-1.17%,2.45%,-3.01%,3.56%,0.92%,8.29%,-0.77%,0.08%,0.28%,4.93%,3.45%,-0.46%,-0.34%,-0.86%,-1.56%,2.01%
11/30/14,1.36%,0.92%,-0.46%,1.77%,-1.10%,-1.79%,3.41%,0.47%,-0.82%,-5.36%,-1.51%,-2.52%,6.86%,5.62%,-0.79%,-2.84%,-5.07%,-1.97%,-0.03%,3.09%,3.07%,0.68%,1.05%,2.30%
12/31/14,-0.65%,3.21%,0.29%,0.59%,-1.82%,4.13%,-0.48%,6.78%,-3.24%,-2.17%,0.65%,1.50%,0.48%,-14.98%,-2.06%,-1.67%,3.66%,2.76%,-6.51%,0.46%,1.06%,-3.24%,-1.14%,0.38%
1/31/15,-1.75%,-6.88%,-4.14%,-6.68%,7.20%,-7.56%,-8.76%,-5.64%,2.02%,-7.05%,-2.64%,-0.70%,0.06%,-16.85%,2.61%,-6.78%,3.46%,-0.98%,0.93%,-2.43%,-10.01%,-0.93%,-1.87%,2.58%
2/28/15,2.90%,-3.37%,-7.86%,1.95%,-6.24%,-3.40%,-1.63%,-13.44%,10.93%,-2.72%,0.60%,-28.19%,0.49%,16.13%,-2.82%,-1.62%,0.68%,2.23%,4.54%,-4.44%,7.17%,1.28%,-0.48%,-2.06%
3/31/15,4.83%,-13.58%,0.81%,2.02%,-0.94%,1.42%,-1.89%,0.83%,-0.40%,-0.64%,-0.92%,1.43%,0.64%,-8.48%,0.94%,0.41%,2.67%,-1.31%,0.37%,5.23%,3.08%,0.34%,1.00%,1.39%
4/30/15,0.87%,6.02%,3.68%,3.56%,1.91%,-1.55%,5.62%,6.47%,0.34%,5.26%,1.34%,-2.65%,12.33%,23.86%,6.23%,9.10%,1.04%,4.41%,6.60%,-1.06%,27.22%,3.07%,2.13%,-2.05%
5/31/15,-0.68%,2.54%,-0.70%,-0.82%,2.33%,-2.30%,-3.85%,1.84%,-3.16%,1.17%,1.29%,-1.44%,17.48%,-0.46%,0.42%,-0.86%,-1.81%,0.58%,1.80%,1.69%,4.50%,-1.89%,0.98%,2.68%
6/30/15,-2.07%,9.45%,-0.30%,-0.34%,2.07%,5.13%,2.50%,3.09%,-0.15%,4.85%,7.21%,7.72%,6.89%,7.79%,4.22%,-0.81%,3.77%,2.01%,3.14%,2.15%,-2.96%,-1.10%,0.74%,1.98%
7/31/15,0.32%,-5.34%,-3.42%,1.08%,-1.48%,0.58%,-1.08%,-1.46%,-1.67%,-2.00%,1.80%,-0.99%,-5.60%,6.21%,2.12%,-2.72%,2.57%,2.78%,13.38%,-9.67%,6.66%,-0.91%,0.19%,4.99%
8/31/15,-1.62%,5.57%,7.16%,-4.20%,0.59%,3.43%,2.91%,6.25%,3.43%,7.07%,2.78%,13.72%,-0.62%,16.98%,0.28%,2.84%,2.76%,1.70%,4.64%,6.19%,0.05%,-4.71%,4.61%,-1.54%
9/30/15,1.29%,9.99%,11.19%,1.26%,3.30%,8.32%,-2.53%,8.15%,2.82%,2.44%,1.83%,13.96%,-0.24%,4.36%,-1.15%,-0.71%,1.36%,2.78%,0.21%,6.15%,-4.11%,4.73%,0.72%,5.58%
10/31/15,-1.50%,-11.54%,-4.91%,1.41%,-5.03%,-1.03%,-0.72%,-8.53%,-1.54%,-5.14%,0.80%,-17.99%,-1.03%,26.63%,1.29%,-3.09%,-3.50%,-4.71%,0.64%,1.91%,-8.16%,-3.07%,-2.77%,-1.02%
11/30/15,5.28%,-8.25%,-9.30%,2.73%,-3.85%,-2.37%,-7.75%,0.69%,-4.34%,-6.04%,-0.99%,0.57%,-0.03%,-2.13%,4.66%,-3.43%,-0.68%,0.11%,-2.32%,-1.27%,41.66%,2.84%,4.28%,1.32%
12/31/15,8.53%,5.46%,3.56%,-4.43%,0.49%,5.24%,2.95%,9.23%,3.64%,1.89%,-1.30%,-0.97%,1.73%,20.29%,-1.28%,-0.25%,2.61%,5.83%,11.06%,3.46%,5.56%,-1.30%,4.04%,2.59%
1/31/16,0.41%,5.67%,3.39%,-3.52%,1.01%,2.07%,1.05%,2.46%,-3.05%,8.57%,-2.05%,-2.46%,-0.43%,-1.61%,-1.11%,2.15%,0.32%,-3.64%,0.03%,-5.95%,-6.10%,-1.95%,1.09%,0.72%
2/29/16,-6.04%,-4.27%,-0.38%,1.46%,5.23%,-2.26%,2.69%,1.81%,-0.76%,3.38%,-4.95%,3.90%,-0.93%,4.64%,3.50%,1.23%,7.22%,-1.56%,3.76%,-0.59%,-4.70%,0.92%,1.51%,-0.62%
3/31/16,6.96%,0.33%,-3.74%,11.15%,4.73%,5.91%,-1.91%,-0.96%,7.23%,4.39%,0.31%,6.57%,1.32%,-5.21%,1.66%,7.81%,-0.31%,3.88%,4.54%,10.96%,-4.23%,-1.75%,3.09%,-2.50%
4/30/16,-3.81%,-2.43%,-1.38%,6.57%,-1.29%,0.84%,4.39%,4.92%,-0.31%,1.85%,0.25%,-7.42%,2.56%,6.74%,0.06%,-3.73%,3.26%,6.37%,-6.22%,0.16%,7.95%,2.67%,3.23%,-2.63%
5/31/16,4.22%,-3.67%,-3.02%,7.11%,-1.15%,1.42%,-3.07%,1.27%,-9.89%,0.25%,2.48%,-10.72%,0.79%,6.99%,-0.70%,-2.97%,-5.02%,-7.09%,9.45%,2.18%,12.37%,0.55%,-2.76%,2.20%
6/30/16,2.97%,7.92%,5.66%,5.93%,7.69%,5.07%,1.92%,5.36%,-1.46%,6.39%,-11.12%,13.41%,2.22%,-12.05%,2.56%,4.54%,13.00%,12.07%,-1.34%,2.74%,10.59%,-0.67%,-1.97%,2.86%
7/31/16,-1.47%,1.83%,-1.60%,7.13%,-2.38%,-0.37%,2.65%,-5.10%,1.74%,-2.07%,-2.68%,1.43%,-0.17%,13.80%,-2.41%,-1.91%,-2.34%,-5.76%,0.18%,-1.82%,-8.16%,-0.27%,4.26%,2.35%
8/31/16,2.08%,-5.08%,0.88%,11.66%,-2.51%,0.37%,4.31%,-5.05%,7.28%,2.88%,1.48%,4.11%,0.57%,7.32%,6.86%,-0.10%,-1.98%,4.79%,5.61%,5.17%,3.73%,4.37%,7.85%,-1.85%
9/30/16,2.22%,4.14%,0.08%,8.03%,1.29%,2.38%,1.67%,-3.21%,0.32%,0.86%,4.14%,5.61%,1.51%,-5.03%,5.11%,4.64%,3.66%,-1.37%,5.12%,-0.22%,4.48%,-3.37%,6.28%,-0.16%
10/31/16,0.14%,-2.45%,0.00%,3.70%,-0.92%,-1.99%,-2.74%,-2.82%,0.35%,-0.93%,-1.95%,-20.47%,1.43%,-9.97%,-1.44%,-4.91%,-3.05%,-2.97%,0.77%,3.30%,-13.15%,-2.15%,-1.60%,1.11%
11/30/16,-0.67%,0.11%,-1.70%,0.88%,-1.55%,-0.09%,1.18%,-0.15%,-1.07%,2.79%,1.09%,-5.06%,-0.87%,-13.76%,-5.20%,-1.44%,-6.16%,-0.09%,2.34%,1.77%,1.94%,0.97%,-1.95%,-1.60%
12/31/16,-2.98%,-2.16%,0.92%,1.34%,-2.85%,1.97%,-0.48%,-2.83%,0.43%,-3.44%,-2.15%,0.34%,2.07%,10.86%,0.88%,-6.22%,-0.49%,-1.44%,-17.61%,1.32%,-9.73%,-2.03%,-0.50%,3.79%
1/31/17,2.90%,3.37%,-1.91%,13.54%,2.01%,5.42%,21.06%,-1.11%,8.56%,8.78%,5.20%,8.53%,-0.86%,2.35%,5.09%,7.70%,7.38%,2.65%,3.42%,24.26%,2.91%,3.01%,6.98%,0.06%
2/28/17,0.90%,-8.83%,3.84%,10.43%,1.18%,5.60%,-2.50%,0.01%,4.84%,-3.92%,0.02%,-5.97%,-1.37%,10.43%,-4.87%,3.18%,4.71%,1.17%,6.94%,-6.62%,-2.50%,5.76%,-4.62%,1.86%
3/31/17,2.98%,-5.48%,2.72%,6.97%,-0.36%,-4.21%,0.52%,-1.61%,5.03%,-0.60%,-2.01%,-4.82%,0.37%,9.29%,2.14%,6.17%,3.82%,-1.92%,1.13%,-7.32%,1.11%,5.36%,-3.00%,1.33%
4/30/17,-1.00%,3.94%,-3.89%,5.79%,-3.72%,1.32%,5.91%,6.36%,-0.95%,1.31%,3.70%,0.44%,1.27%,4.80%,2.14%,4.59%,-0.47%,2.47%,4.23%,-3.46%,-2.93%,8.24%,-4.65%,2.02%
5/31/17,-2.65%,-2.90%,4.18%,2.65%,4.78%,3.47%,7.92%,-1.61%,3.91%,4.09%,2.83%,12.46%,0.76%,-3.98%,4.00%,13.68%,3.83%,4.64%,6.33%,2.45%,11.29%,4.66%,1.00%,2.38%
6/30/17,0.88%,6.57%,4.73%,4.09%,1.42%,5.58%,-1.72%,6.47%,3.88%,10.45%,0.64%,5.95%,1.44%,-23.45%,1.33%,2.56%,-0.80%,1.31%,3.92%,1.11%,15.65%,0.64%,2.80%,0.07%
7/31/17,7.39%,2.98%,1.76%,4.15%,-0.80%,6.54%,8.24%,0.10%,2.91%,9.62%,-1.24%,22.43%,-0.53%,3.93%,1.12%,11.80%,4.92%,0.23%,5.96%,-2.95%,22.80%,-1.31%,1.08%,0.17%
8/31/17,0.29%,3.44%,-0.22%,3.27%,2.16%,4.65%,1.17%,0.18%,1.47%,1.03%,-0.02%,3.00%,-0.38%,17.34%,-3.32%,2.78%,2.51%,-1.44%,5.53%,0.67%,7.54%,3.53%,1.37%,-0.04%
9/30/17,3.07%,-4.05%,-7.42%,2.24%,-1.46%,-0.89%,-0.25%,5.93%,-4.02%,-0.44%,1.21%,6.38%,-1.14%,5.84%,-0.51%,-1.85%,-0.48%,-3.56%,-9.23%,0.86%,-2.48%,-4.03%,7.87%,-0.19%
10/31/17,5.01%,-1.67%,-3.03%,2.62%,-4.42%,-3.78%,-3.15%,-4.01%,-4.53%,1.63%,0.05%,-9.94%,1.05%,3.65%,4.83%,1.97%,0.65%,-2.07%,-3.15%,3.46%,-18.89%,-0.95%,-2.01%,0.37%
11/30/17,1.88%,-0.08%,0.76%,6.22%,2.45%,7.46%,4.68%,4.52%,-2.52%,2.83%,1.11%,14.60%,0.58%,-9.98%,-2.08%,5.72%,4.96%,2.78%,0.53%,-6.22%,8.44%,1.69%,-1.48%,1.83%
12/31/17,2.15%,3.11%,-8.52%,11.13%,0.84%,2.73%,-2.04%,2.70%,-1.03%,3.05%,-1.28%,-4.78%,0.49%,-7.77%,4.40%,-0.08%,1.63%,-2.32%,-4.87%,4.36%,24.80%,1.39%,-2.25%,0.51%
1/31/18,3.26%,2.67%,11.88%,11.70%,6.13%,9.83%,3.66%,9.33%,9.31%,11.88%,5.45%,-0.34%,0.31%,-15.02%,-1.15%,1.29%,6.61%,-9.17%,4.96%,0.83%,5.65%,-2.36%,7.01%,0.00%
2/28/18,-1.88%,-0.52%,-0.21%,-3.60%,0.84%,1.26%,-1.89%,0.02%,-5.03%,4.66%,-1.38%,6.95%,0.64%,9.81%,1.53%,-1.11%,2.09%,-1.11%,-0.51%,-4.01%,-8.88%,0.31%,-4.67%,-1.93%
3/31/18,-0.77%,4.24%,-2.56%,-0.20%,3.12%,0.74%,2.01%,-7.73%,-4.11%,-1.49%,0.81%,7.67%,0.95%,-3.21%,2.66%,2.30%,1.02%,2.36%,2.09%,5.63%,18.73%,-1.67%,1.89%,2.53%
4/30/18,-3.91%,1.16%,-4.35%,-4.72%,-2.44%,-3.60%,-4.35%,4.04%,-1.28%,0.79%,-4.16%,-3.54%,1.57%,-4.98%,5.55%,-2.07%,-0.60%,-2.09%,-8.03%,-0.86%,-8.42%,0.10%,-3.05%,0.04%
5/31/18,-0.56%,1.04%,0.93%,-0.97%,4.90%,-3.95%,-3.08%,-3.71%,-4.89%,1.97%,-2.84%,4.10%,0.86%,-9.56%,-4.52%,-0.15%,1.27%,-6.53%,-5.80%,-13.15%,3.09%,-2.71%,-0.97%,0.59%
6/30/18,-5.61%,-0.59%,-2.80%,-1.89%,-1.09%,9.39%,0.83%,-4.24%,3.33%,3.90%,0.24%,-1.86%,0.54%,0.96%,3.10%,3.30%,0.46%,1.48%,-2.63%,-0.33%,17.83%,-1.32%,-2.13%,2.41%
7/31/18,1.06%,0.59%,0.12%,-0.04%,-2.63%,4.02%,-4.95%,1.33%,-4.25%,-1.29%,-0.07%,0.56%,1.11%,-5.06%,-1.57%,-2.59%,-1.97%,-0.62%,0.34%,-5.84%,-10.15%,-3.03%,-2.36%,-0.34%
8/31/18,-3.11%,0.71%,1.95%,2.18%,3.44%,0.12%,0.25%,-2.51%,-2.63%,-1.71%,-1.00%,-1.65%,1.33%,-0.35%,4.73%,0.51%,-0.26%,0.81%,-1.81%,-2.34%,-3.31%,-0.98%,-3.20%,-1.11%
9/30/18,0.82%,-0.75%,6.40%,-1.43%,1.26%,5.37%,4.28%,0.92%,-8.55%,1.03%,0.96%,1.17%,-0.25%,-1.17%,-1.98%,-2.43%,-1.21%,-2.07%,-1.82%,4.28%,4.79%,-4.35%,0.71%,-0.63%
10/31/18,-0.40%,-0.87%,-2.46%,-1.55%,-0.26%,1.37%,0.53%,0.14%,-5.35%,-1.02%,-2.26%,-2.73%,-0.58%,-9.70%,-5.04%,-0.41%,2.79%,-3.37%,-3.13%,-3.38%,-6.82%,-0.43%,-0.80%,2.14%
11/30/18,2.88%,-0.96%,-4.73%,-1.77%,2.07%,1.75%,1.10%,8.87%,1.82%,8.89%,-0.64%,1.00%,-1.33%,-8.00%,-1.49%,-7.58%,-0.66%,2.96%,2.16%,1.24%,-8.52%,-2.19%,1.80%,-0.10%